Carrier,orig_port_cd,dest_port_cd,minm_wgh_qty,max_wgh_qty,svc_cd,minimum cost,rate,mode_dsc,tpt_day_cnt,Area
6,8,1,250.0,499.99,1,43.227199999999996,0.7132,0,2,1
6,8,1,65.0,69.99,1,43.227199999999996,0.7512000000000001,0,2,2
6,8,1,60.0,64.99,1,43.227199999999996,0.7892,0,2,3
6,8,1,50.0,54.99,1,43.227199999999996,0.8271999999999999,0,2,4
6,8,1,35.0,39.99,1,43.227199999999996,1.0552,0,2,5
6,8,1,100.0,249.99,1,43.227199999999996,0.7132,0,2,6
6,8,1,500.0,1999.99,1,43.227199999999996,0.6751999999999999,0,2,7
6,8,1,55.0,59.99,1,43.227199999999996,0.8271999999999999,0,2,8
6,8,1,25.0,29.99,1,43.227199999999996,1.2451999999999999,0,2,9
6,8,1,30.0,34.99,1,43.227199999999996,1.1312,0,2,10
6,8,1,70.0,99.99,1,43.227199999999996,0.7512000000000001,0,2,11
6,8,1,10.0,14.99,1,43.227199999999996,1.8272,0,2,12
6,8,1,0.0,4.99,1,43.227199999999996,1.8272,0,2,13
6,8,1,5.0,9.99,1,43.227199999999996,1.8272,0,2,14
6,8,1,2000.0,99999.99,1,43.227199999999996,0.6372,0,2,15
6,8,1,45.0,49.99,1,43.227199999999996,0.9412,0,2,16
6,8,1,20.0,24.99,1,43.227199999999996,1.3212000000000002,0,2,17
6,8,1,40.0,44.99,1,43.227199999999996,0.9792000000000001,0,2,18
6,8,1,15.0,19.99,1,43.227199999999996,1.5872,0,2,19
6,10,1,65.0,69.99,1,43.227199999999996,0.7512000000000001,0,2,1
6,10,1,45.0,49.99,1,43.227199999999996,0.9412,0,2,2
6,10,1,50.0,54.99,1,43.227199999999996,0.8271999999999999,0,2,3
6,10,1,250.0,499.99,1,43.227199999999996,0.7132,0,2,4
6,10,1,500.0,1999.99,1,43.227199999999996,0.6751999999999999,0,2,5
6,10,1,100.0,249.99,1,43.227199999999996,0.7132,0,2,6
6,10,1,40.0,44.99,1,43.227199999999996,0.9792000000000001,0,2,7
6,10,1,20.0,24.99,1,43.227199999999996,1.3212000000000002,0,2,8
6,10,1,60.0,64.99,1,43.227199999999996,0.7892,0,2,9
6,10,1,35.0,39.99,1,43.227199999999996,1.0552,0,2,10
6,10,1,10.0,14.99,1,43.227199999999996,1.8272,0,2,11
6,10,1,0.0,4.99,1,43.227199999999996,1.8272,0,2,12
6,10,1,55.0,59.99,1,43.227199999999996,0.8271999999999999,0,2,13
6,10,1,30.0,34.99,1,43.227199999999996,1.1312,0,2,14
6,10,1,25.0,29.99,1,43.227199999999996,1.2451999999999999,0,2,15
6,10,1,5.0,9.99,1,43.227199999999996,1.8272,0,2,16
6,10,1,2000.0,99999.99,1,43.227199999999996,0.6372,0,2,17
6,10,1,70.0,99.99,1,43.227199999999996,0.7512000000000001,0,2,18
6,10,1,15.0,19.99,1,43.227199999999996,1.5872,0,2,19
8,9,1,500.0,1999.99,1,17.6888,0.0332,0,14,1
8,9,1,2000.0,99999.99,1,17.6888,0.0332,0,14,2
8,9,1,0.0,99.99,1,17.6888,0.0332,0,14,3
8,9,1,250.0,499.99,1,17.6888,0.0332,0,14,4
8,9,1,100.0,249.99,1,17.6888,0.0332,0,14,5
8,11,1,0.0,99.99,1,11.1112,0.1,0,14,1
8,11,1,2000.0,99999.99,1,11.1112,0.0924,0,14,2
8,11,1,250.0,499.99,1,11.1112,0.0924,0,14,3
8,11,1,100.0,249.99,1,11.1112,0.1,0,14,4
8,11,1,500.0,1999.99,1,11.1112,0.0924,0,14,5
8,4,1,100.0,249.99,1,21.470399999999998,0.062,0,14,1
8,4,1,0.0,99.99,1,21.470399999999998,0.062,0,14,2
8,4,1,500.0,1999.99,1,21.470399999999998,0.062,0,14,3
8,4,1,250.0,499.99,1,21.470399999999998,0.062,0,14,4
8,4,1,2000.0,99999.99,1,21.470399999999998,0.062,0,14,5
9,8,1,5000.0,9999.99,1,231.3072,0.1036,0,14,1
9,8,1,1000.0,4999.99,1,231.3072,0.1116,0,14,2
9,8,1,0.0,499.99,1,231.3072,0.18799999999999997,0,14,3
9,8,1,500.0,999.99,1,231.3072,0.12240000000000001,0,14,4
9,8,1,10000.0,99999.99,1,231.3072,0.10200000000000001,0,14,5
8,2,1,100.0,249.99,1,17.5156,0.0484,0,14,1
8,2,1,0.0,99.99,1,17.5156,0.0484,0,14,2
8,2,1,250.0,499.99,1,17.5156,0.0484,0,14,3
8,2,1,2000.0,99999.99,1,17.5156,0.0484,0,14,4
8,2,1,500.0,1999.99,1,17.5156,0.0484,0,14,5
8,3,1,2000.0,99999.99,1,19.3644,0.11560000000000001,0,14,1
8,3,1,250.0,499.99,1,19.3644,0.11560000000000001,0,14,2
8,3,1,100.0,249.99,1,19.3644,0.11560000000000001,0,14,3
8,3,1,500.0,1999.99,1,19.3644,0.11560000000000001,0,14,4
8,3,1,0.0,99.99,1,19.3644,0.11560000000000001,0,14,5
3,11,1,500.0,1999.99,1,15.2272,0.0768,0,6,1
3,11,1,2000.0,99999.99,1,15.2272,0.07640000000000001,0,6,2
3,11,1,0.0,99.99,1,15.2272,0.1932,0,6,3
3,11,1,250.0,499.99,1,15.2272,0.0824,0,6,4
3,11,1,100.0,249.99,1,15.2272,0.0828,0,6,5
3,7,1,0.0,99.99,1,21.2272,0.22519999999999998,0,6,1
3,7,1,100.0,249.99,1,21.2272,0.22119999999999998,0,6,2
3,7,1,250.0,499.99,1,21.2272,0.1932,0,6,3
3,7,1,500.0,1999.99,1,21.2272,0.1924,0,6,4
3,7,1,2000.0,99999.99,1,21.2272,0.1804,0,6,5
3,8,1,100.0,249.99,1,21.0272,0.10279999999999999,0,6,1
3,8,1,2000.0,99999.99,1,21.0272,0.1016,0,6,2
3,8,1,500.0,1999.99,1,21.0272,0.10200000000000001,0,6,3
3,8,1,0.0,99.99,1,21.0272,0.21719999999999998,0,6,4
3,8,1,250.0,499.99,1,21.0272,0.1024,0,6,5
3,10,1,100.0,249.99,1,15.4272,0.20119999999999996,0,6,1
3,10,1,2000.0,99999.99,1,15.4272,0.1004,0,6,2
3,10,1,500.0,1999.99,1,15.4272,0.1008,0,6,3
3,10,1,250.0,499.99,1,15.4272,0.1972,0,6,4
3,10,1,0.0,99.99,1,15.4272,0.2132,0,6,5
8,9,1,2000.0,99999.99,1,23.54,0.047599999999999996,0,5,6
8,9,1,500.0,1999.99,1,23.54,0.047599999999999996,0,5,7
8,9,1,100.0,249.99,1,23.54,0.047599999999999996,0,5,8
8,9,1,0.0,99.99,1,23.54,0.047599999999999996,0,5,9
8,9,1,250.0,499.99,1,23.54,0.047599999999999996,0,5,10
3,11,1,500.0,1999.99,1,15.4272,0.0772,0,5,6
3,11,1,250.0,499.99,1,15.4272,0.0828,0,5,7
3,11,1,2000.0,99999.99,1,15.4272,0.0768,0,5,8
3,11,1,100.0,249.99,1,15.4272,0.0832,0,5,9
3,11,1,0.0,99.99,1,15.4272,0.1972,0,5,10
3,11,1,2000.0,99999.99,1,7.8272,0.0684,0,5,1
3,11,1,500.0,1999.99,1,7.8272,0.0692,0,5,2
3,11,1,250.0,499.99,1,7.8272,0.07279999999999999,0,5,3
3,11,1,100.0,249.99,1,7.8272,0.0732,0,5,4
3,11,1,0.0,99.99,1,7.8272,0.0984,0,5,5
8,11,1,0.0,99.99,1,15.1176,0.1572,0,5,6
8,11,1,250.0,499.99,1,15.1176,0.1572,0,5,7
8,11,1,100.0,249.99,1,15.1176,0.1572,0,5,8
8,11,1,500.0,1999.99,1,15.1176,0.1572,0,5,9
8,11,1,2000.0,99999.99,1,15.1176,0.1572,0,5,10
3,7,1,2000.0,99999.99,1,9.6272,0.1448,0,5,1
3,7,1,500.0,1999.99,1,9.6272,0.14520000000000002,0,5,2
3,7,1,250.0,499.99,1,9.6272,0.1456,0,5,3
3,7,1,0.0,99.99,1,9.6272,0.174,0,5,4
3,7,1,100.0,249.99,1,9.6272,0.14600000000000002,0,5,5
8,4,1,0.0,99.99,1,27.8012,0.12960000000000002,0,5,6
8,4,1,250.0,499.99,1,27.8012,0.12960000000000002,0,5,7
8,4,1,2000.0,99999.99,1,27.8012,0.12960000000000002,0,5,8
8,4,1,500.0,1999.99,1,27.8012,0.12960000000000002,0,5,9
8,4,1,100.0,249.99,1,27.8012,0.12960000000000002,0,5,10
3,8,1,500.0,1999.99,1,19.0272,0.1024,0,5,6
3,8,1,0.0,99.99,1,19.0272,0.22519999999999998,0,5,7
3,8,1,2000.0,99999.99,1,19.0272,0.10200000000000001,0,5,8
3,8,1,100.0,249.99,1,19.0272,0.1032,0,5,9
3,8,1,250.0,499.99,1,19.0272,0.10279999999999999,0,5,10
3,8,1,100.0,249.99,1,21.0272,0.1532,0,5,1
3,8,1,250.0,499.99,1,21.0272,0.1492,0,5,2
3,8,1,500.0,1999.99,1,21.0272,0.1484,0,5,3
3,8,1,0.0,99.99,1,21.0272,0.1852,0,5,4
3,8,1,2000.0,99999.99,1,21.0272,0.1476,0,5,5
8,2,1,2000.0,99999.99,1,23.3096,0.0912,0,5,6
8,2,1,100.0,249.99,1,23.3096,0.0912,0,5,7
8,2,1,250.0,499.99,1,23.3096,0.0912,0,5,8
8,2,1,500.0,1999.99,1,23.3096,0.0912,0,5,9
8,2,1,0.0,99.99,1,23.3096,0.0912,0,5,10
3,10,1,2000.0,99999.99,1,15.6272,0.1008,0,5,6
3,10,1,500.0,1999.99,1,15.6272,0.10120000000000001,0,5,7
3,10,1,100.0,249.99,1,15.6272,0.20919999999999997,0,5,8
3,10,1,0.0,99.99,1,15.6272,0.21719999999999998,0,5,9
3,10,1,250.0,499.99,1,15.6272,0.20119999999999996,0,5,10
2,10,1,0.01,0.5,1,1.5884,0.5883999999999999,0,5,1
2,10,1,0.51,1.0,1,1.5884,0.5883999999999999,0,5,2
2,10,1,1.01,1.5,1,1.5884,0.5883999999999999,0,5,3
2,10,1,1.51,2.0,1,1.5884,0.5883999999999999,0,5,4
2,10,1,2.01,2.5,1,1.5884,0.5883999999999999,0,5,5
2,10,1,70.51,99.99,1,11.48,0.10400000000000001,0,5,6
2,10,1,100.0,455.99,1,13.987200000000001,0.0968,0,5,7
2,10,1,456.0,99999.99,1,65.312,0.098,0,5,8
2,10,1,0.01,0.5,1,1.6728,0.6728000000000001,0,5,9
2,10,1,0.51,1.0,1,1.6728,0.6728000000000001,0,5,10
2,10,1,1.01,1.5,1,1.6728,0.6728000000000001,0,5,11
2,10,1,1.51,2.0,1,1.6728,0.6728000000000001,0,5,12
2,10,1,2.01,2.5,1,1.6728,0.6728000000000001,0,5,13
2,10,1,70.51,99.99,1,11.451600000000001,0.1036,0,5,14
2,10,1,100.0,455.99,1,13.9472,0.0964,0,5,15
2,10,1,456.0,99999.99,1,65.1296,0.09759999999999999,0,5,16
8,3,1,500.0,1999.99,1,25.438,0.2828,0,5,6
8,3,1,2000.0,99999.99,1,25.438,0.23759999999999998,0,5,7
8,3,1,250.0,499.99,1,25.438,0.2828,0,5,8
8,3,1,0.0,99.99,1,25.438,0.2828,0,5,9
8,3,1,100.0,249.99,1,25.438,0.2828,0,5,10
3,7,1,2000.0,99999.99,1,21.627200000000002,0.1812,0,4,6
3,7,1,250.0,499.99,1,21.627200000000002,0.1972,0,4,7
3,7,1,500.0,1999.99,1,21.627200000000002,0.1932,0,4,8
3,7,1,100.0,249.99,1,21.627200000000002,0.2332,0,4,9
3,7,1,0.0,99.99,1,21.627200000000002,0.2652,0,4,10
1,2,1,250.0,499.99,1,23.8384,0.0808,0,4,1
1,2,1,100.0,249.99,1,23.8384,0.08439999999999999,0,4,2
1,2,1,2000.0,99999.99,1,23.8384,0.0784,0,4,3
1,2,1,500.0,1999.99,1,23.8384,0.0784,0,4,4
1,2,1,0.0,99.99,1,23.8384,0.1004,0,4,5
5,5,1,100.0,249.99,1,11.6072,0.1008,0,4,1
5,5,1,250.0,499.99,1,11.6072,0.0968,0,4,2
5,5,1,2000.0,99999.99,1,11.6072,0.0864,0,4,3
5,5,1,0.0,99.99,1,11.6072,0.1464,0,4,4
5,5,1,500.0,1999.99,1,11.6072,0.08839999999999999,0,4,5
5,6,1,500.0,1999.99,1,7.427200000000001,0.0848,0,3,1
5,6,1,0.0,99.99,1,7.427200000000001,0.0848,0,3,2
5,6,1,100.0,249.99,1,7.427200000000001,0.0848,0,3,3
5,6,1,250.0,499.99,1,7.427200000000001,0.0848,0,3,4
5,6,1,2000.0,99999.99,1,7.427200000000001,0.0848,0,3,5
3,7,1,0.0,99.99,1,23.0272,0.2772,0,3,11
3,7,1,100.0,249.99,1,23.0272,0.2372,0,3,12
3,7,1,2000.0,99999.99,1,23.0272,0.1852,0,3,13
3,7,1,250.0,499.99,1,23.0272,0.2072,0,3,14
3,7,1,500.0,1999.99,1,23.0272,0.1972,0,3,15
1,4,1,500.0,1999.99,1,3.4552,0.054400000000000004,0,3,1
1,4,1,0.0,99.99,1,3.4552,0.0824,0,3,2
1,4,1,250.0,499.99,1,3.4552,0.054400000000000004,0,3,3
1,4,1,2000.0,99999.99,1,3.4552,0.054400000000000004,0,3,4
1,4,1,100.0,249.99,1,3.4552,0.056400000000000006,0,3,5
1,4,1,2000.0,99999.99,1,1.4992,0.0424,0,3,1
1,4,1,100.0,249.99,1,1.4992,0.0424,0,3,2
1,4,1,250.0,499.99,1,1.4992,0.0424,0,3,3
1,4,1,500.0,1999.99,1,1.4992,0.0424,0,3,4
1,4,1,0.0,99.99,1,1.4992,0.0484,0,3,5
3,2,1,100.0,249.99,1,9.0272,0.0772,0,3,1
3,2,1,250.0,499.99,1,9.0272,0.0768,0,3,2
3,2,1,500.0,1999.99,1,9.0272,0.07640000000000001,0,3,3
3,2,1,0.0,99.99,1,9.0272,0.0888,0,3,4
3,2,1,2000.0,99999.99,1,9.0272,0.076,0,3,5
5,2,1,0.0,99.99,1,7.187200000000001,0.08560000000000001,0,3,1
5,2,1,100.0,249.99,1,7.187200000000001,0.07200000000000001,0,3,2
5,2,1,500.0,1999.99,1,7.187200000000001,0.07200000000000001,0,3,3
5,2,1,2000.0,99999.99,1,7.187200000000001,0.07200000000000001,0,3,4
5,2,1,250.0,499.99,1,7.187200000000001,0.07200000000000001,0,3,5
5,5,1,250.0,499.99,1,5.8072,0.0824,0,3,1
5,5,1,500.0,1999.99,1,5.8072,0.07400000000000001,0,3,2
5,5,1,2000.0,99999.99,1,5.8072,0.07200000000000001,0,3,3
5,5,1,100.0,249.99,1,5.8072,0.0864,0,3,4
5,5,1,0.0,99.99,1,5.8072,0.132,0,3,5
3,10,1,0.0,99.99,1,17.0272,0.22519999999999998,0,3,11
3,10,1,250.0,499.99,1,17.0272,0.2132,0,3,12
3,10,1,500.0,1999.99,1,17.0272,0.1972,0,3,13
3,10,1,100.0,249.99,1,17.0272,0.21719999999999998,0,3,14
3,10,1,2000.0,99999.99,1,17.0272,0.1852,0,3,15
3,10,1,2000.0,99999.99,1,15.2272,0.1476,0,3,1
3,10,1,250.0,499.99,1,15.2272,0.1484,0,3,2
3,10,1,500.0,1999.99,1,15.2272,0.14800000000000002,0,3,3
3,10,1,0.0,99.99,1,15.2272,0.1612,0,3,4
3,10,1,100.0,249.99,1,15.2272,0.14880000000000002,0,3,5
2,10,1,0.01,0.5,1,1.5884,0.5883999999999999,0,3,17
2,10,1,0.51,1.0,1,1.5884,0.5883999999999999,0,3,18
2,10,1,1.01,1.5,1,1.5884,0.5883999999999999,0,3,19
2,10,1,1.51,2.0,1,1.5884,0.5883999999999999,0,3,20
2,10,1,2.01,2.5,1,1.5884,0.5883999999999999,0,3,21
2,10,1,70.51,99.99,1,11.48,0.10400000000000001,0,3,22
2,10,1,100.0,455.99,1,13.987200000000001,0.0968,0,3,23
2,10,1,456.0,99999.99,1,65.312,0.098,0,3,24
2,10,1,0.01,0.5,1,1.6728,0.6728000000000001,0,3,25
2,10,1,0.51,1.0,1,1.6728,0.6728000000000001,0,3,26
2,10,1,1.01,1.5,1,1.6728,0.6728000000000001,0,3,27
2,10,1,1.51,2.0,1,1.6728,0.6728000000000001,0,3,28
2,10,1,2.01,2.5,1,1.6728,0.6728000000000001,0,3,29
2,10,1,70.51,99.99,1,11.451600000000001,0.1036,0,3,30
2,10,1,100.0,455.99,1,13.9472,0.0964,0,3,31
2,10,1,456.0,99999.99,1,65.1296,0.09759999999999999,0,3,32
4,10,1,0.0,0.453592,1,1.4024,0.8543750824529533,0,3,1
4,10,1,0.45812792,0.907184,1,1.4496,0.9584333550856275,0,3,2
4,10,1,0.9117199199999999,1.360776,1,1.5432000000000001,1.164786200814829,0,3,3
4,10,1,1.36531192,1.814368,1,1.6164,1.3261647083722818,0,3,4
4,10,1,1.81890392,2.26796,1,1.682,1.4707880703363374,0,3,5
4,10,1,2.27249592,2.721552,1,1.7192,1.552800098767174,0,3,6
4,10,1,2.72608792,3.175144,1,1.7591999999999999,1.640985075574525,0,3,7
4,10,1,3.17967992,3.628736,1,1.81,1.752979996119861,0,3,8
4,10,1,3.63327192,4.082328,1,1.8532,1.8482197710718,0,3,9
4,10,1,4.08686392,4.53592,1,1.8896,1.9284680999664898,0,3,10
4,10,1,4.540455919999999,4.9895119999999995,1,1.9356,3.0298808232949437,0,3,11
4,10,1,4.99404792,5.443104,1,1.9815999999999998,3.131293546623397,0,3,12
4,10,1,5.447639919999999,5.896696,1,3.0276,2.2327062699518514,0,3,13
4,10,1,5.90123192,6.350288,1,3.0736,2.334118993280305,0,3,14
4,10,1,6.354823919999999,6.8038799999999995,1,3.1196,1.4355317166087587,0,3,15
4,10,1,6.80841592,7.257472,1,3.1656,1.5369444399372125,0,3,16
4,10,1,7.26200792,7.711064,1,3.2116,2.6383571632656664,0,3,17
4,10,1,7.715599920000001,8.164656,1,3.2576,3.7397698865941202,0,3,18
4,10,1,8.169191920000001,8.618248,1,3.3036000000000003,3.8411826099225737,0,3,19
4,10,1,8.62278392,9.07184,1,3.3496,2.942595333251028,0,3,20
4,10,1,9.07637592,9.525432,1,3.3856,3.021961812377644,0,3,21
4,10,1,9.52996792,9.979023999999999,1,3.4215999999999998,4.1013282915042595,0,3,22
4,10,1,9.983559920000001,10.432616,1,3.4576000000000002,4.1806947706308755,0,3,23
4,10,1,10.43715192,10.886208,1,3.4936,4.2600612497574915,0,3,24
4,10,1,10.89074392,11.3398,1,3.5296000000000003,4.339427728884107,0,3,25
4,10,1,11.34433592,11.793392,1,3.5656,3.4187942080107234,0,3,26
4,10,1,11.797927920000001,12.246984,1,3.6016,4.498160687137339,0,3,27
4,10,1,12.25151992,12.700576,1,3.6376,4.577527166263955,0,3,28
4,10,1,12.70511192,13.154168,1,3.6735999999999995,3.6568936453905714,0,3,29
4,10,1,13.15870392,13.607759999999999,1,3.7096,3.736260124517188,0,3,30
4,10,1,13.612295920000001,14.061352,1,3.7456,3.8156266036438033,0,3,31
4,10,1,14.06588792,14.514944,1,3.7816,3.89499308277042,0,3,32
4,10,1,14.519479919999998,14.968536,1,3.8175999999999997,2.9743595618970353,0,3,33
4,10,1,14.973071919999999,15.422128,1,3.8536,5.053726041023651,0,3,34
4,10,1,15.42666392,15.87572,1,3.8896,6.133092520150268,0,3,35
4,10,1,15.88025592,16.329312,1,3.9256,2.2124589992768833,0,3,36
4,10,1,16.33384792,16.782904,1,3.9616,5.291825478403499,0,3,37
4,10,1,16.78743992,17.236496,1,3.9976,2.3711919575301152,0,3,38
4,10,1,17.241031919999998,17.690088,1,5.0336,5.450558436656731,0,3,39
4,10,1,17.694623919999998,18.14368,1,5.069599999999999,5.529924915783347,0,3,40
4,10,1,18.14821592,18.597272,1,5.1056,6.609291394909963,0,3,41
4,10,1,18.60180792,19.050864,1,5.1416,2.688657874036579,0,3,42
4,10,1,19.05539992,19.504456,1,5.1776,5.768024353163195,0,3,43
4,10,1,19.50899192,19.958047999999998,1,5.2136,6.847390832289811,0,3,44
4,10,1,19.96258392,20.41164,1,5.2496,2.926757311416427,0,3,45
4,10,1,20.41617592,20.865232,1,5.2856000000000005,5.006123790543044,0,3,46
4,10,1,20.869767919999997,21.318824,1,5.3216,3.085490269669659,0,3,47
4,10,1,21.323359919999998,21.772416,1,5.3576,5.164856748796275,0,3,48
4,10,1,21.77695192,22.226008,1,5.393599999999999,5.244223227922891,0,3,49
4,10,1,22.23054392,22.6796,1,5.429600000000001,3.323589707049507,0,3,50
4,10,1,22.68413592,23.133192,1,5.4668,6.405601735480344,0,3,51
4,10,1,23.13772792,23.586784,1,5.504,7.48761376391118,0,3,52
4,10,1,23.59131992,24.040376,1,5.5412,5.569625792342017,0,3,53
4,10,1,24.04491192,24.493968,1,5.5784,6.651637820772853,0,3,54
4,10,1,24.498503919999997,24.94756,1,5.615600000000001,7.733649849203689,0,3,55
4,10,1,24.952095919999998,25.401152,1,5.652800000000001,5.815661877634526,0,3,56
4,10,1,25.40568792,25.854744,1,5.6899999999999995,4.897673906065362,0,3,57
4,10,1,25.85927992,26.308336,1,5.7272,6.9796859344961995,0,3,58
4,10,1,26.31287192,26.761928,1,5.7644,6.061697962927037,0,3,59
4,10,1,26.76646392,27.215519999999998,1,5.8016000000000005,6.143709991357872,0,3,60
4,10,1,27.22005592,27.669112,1,5.838800000000001,7.22572201978871,0,3,61
4,10,1,27.67364792,28.122704,1,5.876,3.3077340482195448,0,3,62
4,10,1,28.127239919999997,28.576296,1,5.913200000000001,9.389746076650383,0,3,63
4,10,1,28.580831919999998,29.029888,1,5.9504,5.471758105081218,0,3,64
4,10,1,29.034423920000002,29.48348,1,5.9876000000000005,6.553770133512057,0,3,65
4,10,1,29.488015920000002,29.937072,1,7.024800000000001,4.635782161942892,0,3,66
4,10,1,29.941607920000003,30.390664,1,7.062,5.717794190373729,0,3,67
4,10,1,30.395199920000003,30.844256,1,7.0992,6.799806218804565,0,3,68
4,10,1,30.848791920000004,31.297848,1,7.1364,7.881818247235402,0,3,69
4,10,1,31.30238392,31.75144,1,7.1736,8.963830275666238,0,3,70
4,10,1,31.75597592,32.205032,1,7.2064,9.036141956648265,0,3,71
4,10,1,32.209567920000005,32.658624,1,7.2392,8.108453637630294,0,3,72
4,10,1,32.663159920000005,33.112216,1,7.272,7.1807653186123215,0,3,73
4,10,1,33.11675192,33.565808,1,7.3048,7.253076999594349,0,3,74
4,10,1,33.57034392,34.0194,1,7.3376,8.325388680576378,0,3,75
4,10,1,34.02393592,34.472992,1,7.3704,6.397700361558406,0,3,76
4,10,1,34.47752792,34.926584,1,7.4032,4.470012042540434,0,3,77
4,10,1,34.93111992,35.380176,1,7.436,8.542323723522461,0,3,78
4,10,1,35.38471192,35.833768,1,7.4688,5.614635404504489,0,3,79
4,10,1,35.83830392,36.28736,1,7.5016,6.6869470854865165,0,3,80
4,10,1,36.29189592,36.740952,1,7.534400000000001,5.7592587664685455,0,3,81
4,10,1,36.74548792,37.194544,1,7.5672,10.831570447450574,0,3,82
4,10,1,37.19907992,37.648136,1,7.6,4.9038821284326,0,3,83
4,10,1,37.65267192,38.101728,1,7.6328000000000005,10.976193809414628,0,3,84
4,10,1,38.10626392,38.55532,1,7.6655999999999995,11.048505490396655,0,3,85
4,10,1,38.559855920000004,39.008912,1,7.6984,5.120817171378684,0,3,86
4,10,1,39.013447920000004,39.462504,1,7.731199999999999,5.1931288523607115,0,3,87
4,10,1,39.467039920000005,39.916095999999996,1,7.764,9.26544053334274,0,3,88
4,10,1,39.920631920000005,40.369688,1,7.7968,4.337752214324768,0,3,89
4,10,1,40.37422392,40.82328,1,7.829600000000001,5.410063895306797,0,3,90
4,10,1,40.82781592,41.276872,1,7.8624,10.482375576288824,0,3,91
4,10,1,41.28140792,41.730464,1,7.895200000000001,12.554687257270851,0,3,92
4,10,1,41.73499992,42.184056,1,7.928,12.62699893825288,0,3,93
4,10,1,42.18859192,42.637648,1,7.960800000000001,6.6993106192349074,0,3,94
4,10,1,42.64218392,43.09124,1,7.993600000000001,8.771622300216935,0,3,95
4,10,1,43.09577592,43.544832,1,9.0264,4.843933981198964,0,3,96
4,10,1,43.54936792,43.998424,1,9.0592,5.916245662180991,0,3,97
4,10,1,44.00295992,44.452016,1,9.092,10.98855734316302,0,3,98
4,10,1,44.45655192,44.905608,1,9.1248,11.060869024145047,0,3,99
4,10,1,44.91014392,45.3592,1,9.1576,12.133180705127076,0,3,100
4,10,1,45.36373592,45.812792,1,9.198,11.222247531702498,0,3,101
4,10,1,45.817327920000004,46.266384,1,9.2384,8.311314358277924,0,3,102
4,10,1,46.270919920000004,46.719976,1,9.2788,12.40038118485335,0,3,103
4,10,1,46.724511920000005,47.173568,1,9.3192,11.489448011428772,0,3,104
4,10,1,47.178103920000005,47.627159999999996,1,9.3596,12.578514838004198,0,3,105
4,10,1,47.63169592,48.080752,1,9.4,9.667581664579622,0,3,106
4,10,1,48.08528792,48.534344,1,9.4404,13.756648491155048,0,3,107
4,10,1,48.53887992,48.987936,1,9.4808,5.845715317730473,0,3,108
4,10,1,48.99247192,49.441528,1,9.5212,5.9347821443058955,0,3,109
4,10,1,49.44606392,49.89512,1,9.5616,15.023848970881321,0,3,110
4,10,1,49.89965592,50.348712,1,9.602,13.112915797456747,0,3,111
4,10,1,50.35324792,50.802304,1,9.6424,14.20198262403217,0,3,112
4,10,1,50.80683992,51.255896,1,9.6828,13.291049450607595,0,3,113
4,10,1,51.26043192,51.709488,1,9.7232,8.380116277183019,0,3,114
4,10,1,51.71402392,52.16308,1,9.7636,13.469183103758445,0,3,115
4,10,1,52.16761592,52.616672,1,9.804,8.558249930333869,0,3,116
4,10,1,52.62120792,53.070264,1,9.8444,15.647316756909294,0,3,117
4,10,1,53.074799920000004,53.523856,1,9.8848,14.736383583484717,0,3,118
4,10,1,53.528391920000004,53.977448,1,9.9252,8.825450410060144,0,3,119
4,10,1,53.981983920000005,54.431039999999996,1,9.9656,7.914517236635566,0,3,120
4,10,1,54.435575920000005,54.884631999999996,1,11.006,7.003584063210992,0,3,121
4,10,1,54.88916792,55.338224,1,11.0464,11.092650889786416,0,3,122
4,10,1,55.34275992,55.791816,1,11.0868,8.18171771636184,0,3,123
4,10,1,55.79635192,56.245408,1,11.1272,9.270784542937266,0,3,124
4,10,1,56.24994392,56.699,1,11.1676,14.35985136951269,0,3,125
4,10,1,56.70353592,57.152592,1,11.208000000000002,16.448918196088115,0,3,126
4,10,1,57.15712792,57.606184,1,11.2484,12.537985022663541,0,3,127
4,10,1,57.61071992,58.059776,1,11.2888,13.627051849238962,0,3,128
4,10,1,58.064311919999994,58.513368,1,11.3292,15.71611867581439,0,3,129
4,10,1,58.517903919999995,58.96696,1,11.3696,10.805185502389813,0,3,130
4,10,1,58.971495919999995,59.420552,1,11.41,7.894252328965237,0,3,131
4,10,1,59.425087919999996,59.874144,1,11.450400000000002,16.983319155540663,0,3,132
4,10,1,59.878679919999996,60.327736,1,11.4908,8.072385982116087,0,3,133
4,10,1,60.33227192,60.781328,1,11.5312,16.16145280869151,0,3,134
4,10,1,60.78586392,61.23492,1,11.5716,8.250519635266937,0,3,135
4,10,1,61.23945592,61.688512,1,11.612,17.339586461842362,0,3,136
4,10,1,61.69304792,62.142103999999996,1,11.6524,14.428653288417786,0,3,137
4,10,1,62.14663992,62.595696,1,11.6928,17.51772011499321,0,3,138
4,10,1,62.60023191999999,63.049288,1,11.7332,13.606786941568634,0,3,139
4,10,1,63.05382391999999,63.50288,1,11.7736,18.695853768144058,0,3,140
4,10,1,63.50741591999999,63.956472,1,11.814,6.784920594719484,0,3,141
4,10,1,63.96100791999999,64.410064,1,11.854400000000002,11.87398742129491,0,3,142
4,10,1,64.41459992,64.863656,1,11.8948,18.963054247870332,0,3,143
4,10,1,64.86819192,65.317248,1,11.9352,18.052121074445758,0,3,144
4,10,1,65.32178392,65.77083999999999,1,11.9756,11.141187901021183,0,3,145
4,10,1,65.77537592,66.224432,1,13.016,13.230254727596607,0,3,146
4,10,1,66.22896791999999,66.678024,1,13.0564,11.319321554172031,0,3,147
4,10,1,66.68255991999999,67.131616,1,13.096800000000002,10.408388380747459,0,3,148
4,10,1,67.13615191999999,67.585208,1,13.1372,17.49745520732288,0,3,149
4,10,1,67.58974391999999,68.0388,1,13.1776,11.586522033898305,0,3,150
4,10,1,68.04333591999999,45359.19546408,1,13.2484,0.11803052611157165,0,3,151
5,6,1,2000.0,99999.99,1,13.667200000000001,0.0868,0,2,6
5,6,1,0.0,99.99,1,13.667200000000001,0.0868,0,2,7
5,6,1,100.0,249.99,1,13.667200000000001,0.0868,0,2,8
5,6,1,250.0,499.99,1,13.667200000000001,0.0868,0,2,9
5,6,1,500.0,1999.99,1,13.667200000000001,0.0868,0,2,10
5,6,1,0.0,99.99,1,5.4272,0.07400000000000001,0,2,1
5,6,1,500.0,1999.99,1,5.4272,0.07400000000000001,0,2,2
5,6,1,2000.0,99999.99,1,5.4272,0.07400000000000001,0,2,3
5,6,1,250.0,499.99,1,5.4272,0.07400000000000001,0,2,4
5,6,1,100.0,249.99,1,5.4272,0.07400000000000001,0,2,5
2,6,1,0.001,0.5,1,1.3352,0.33520000000000005,0,2,1
2,6,1,0.010000000000000009,0.5,1,1.43,0.43,0,2,2
2,6,1,0.51,1.0,1,1.43,0.43,0,2,3
2,6,1,1.01,1.5,1,1.5219999999999998,0.5219999999999999,0,2,4
2,6,1,1.51,2.0,1,1.6139999999999999,0.614,0,2,5
2,6,1,2.01,2.5,1,1.7064,0.7064,0,2,6
2,6,1,0.010000000000000009,0.5,1,1.4811999999999999,0.48119999999999996,0,2,7
2,6,1,0.51,1.0,1,1.4811999999999999,0.48119999999999996,0,2,8
2,6,1,1.01,1.5,1,1.4811999999999999,0.48119999999999996,0,2,9
2,6,1,1.51,2.0,1,1.4811999999999999,0.48119999999999996,0,2,10
2,6,1,2.01,2.5,1,1.4811999999999999,0.48119999999999996,0,2,11
2,6,1,2.51,3.0,1,1.4811999999999999,0.48119999999999996,0,2,12
2,6,1,3.01,3.5,1,1.5064,0.5064,0,2,13
2,6,1,3.51,4.0,1,1.5492,0.5492,0,2,14
2,6,1,4.01,4.5,1,1.592,0.592,0,2,15
2,6,1,4.51,5.0,1,1.6347999999999998,0.6347999999999999,0,2,16
2,6,1,5.01,5.5,1,1.6776,0.6776000000000001,0,2,17
2,6,1,5.51,6.0,1,1.7204,0.7203999999999999,0,2,18
2,6,1,6.01,6.5,1,1.7631999999999999,0.7631999999999999,0,2,19
2,6,1,6.51,7.0,1,1.806,0.8059999999999999,0,2,20
2,6,1,7.01,7.5,1,1.8488,0.8488,0,2,21
2,6,1,7.51,8.0,1,1.8916,0.8916,0,2,22
2,6,1,8.01,8.5,1,1.9344000000000001,0.9344,0,2,23
2,6,1,8.51,9.0,1,1.9771999999999998,0.9772,0,2,24
2,6,1,9.01,9.5,1,3.02,1.02,0,2,25
2,6,1,9.51,10.0,1,3.0628,1.0628,0,2,26
2,6,1,10.01,10.5,1,3.1028000000000002,1.1028,0,2,27
2,6,1,10.51,11.0,1,3.1428000000000003,1.1428,0,2,28
2,6,1,11.01,11.5,1,3.1828000000000003,1.1828,0,2,29
2,6,1,11.51,12.0,1,3.2228000000000003,1.2228,0,2,30
2,6,1,12.01,12.5,1,3.2628,1.2628,0,2,31
2,6,1,12.51,13.0,1,3.3028,1.3028,0,2,32
2,6,1,13.01,13.5,1,3.3428,1.3428,0,2,33
2,6,1,13.51,14.0,1,3.3828,1.3828,0,2,34
2,6,1,14.01,14.5,1,3.4228,1.4228,0,2,35
2,6,1,14.51,15.0,1,3.4628,1.4628,0,2,36
2,6,1,15.01,15.5,1,3.5027999999999997,1.5028,0,2,37
2,6,1,15.51,16.0,1,3.5427999999999997,1.5428,0,2,38
2,6,1,16.01,16.5,1,3.5519999999999996,1.5519999999999998,0,2,39
2,6,1,16.51,17.0,1,3.5519999999999996,1.5519999999999998,0,2,40
2,6,1,17.01,17.5,1,3.5519999999999996,1.5519999999999998,0,2,41
2,6,1,17.51,18.0,1,3.5519999999999996,1.5519999999999998,0,2,42
2,6,1,18.01,18.5,1,3.5519999999999996,1.5519999999999998,0,2,43
2,6,1,18.51,19.0,1,3.5519999999999996,1.5519999999999998,0,2,44
2,6,1,19.01,19.5,1,3.5519999999999996,1.5519999999999998,0,2,45
2,6,1,19.51,20.0,1,3.5519999999999996,1.5519999999999998,0,2,46
2,6,1,20.01,20.5,1,3.5519999999999996,1.5519999999999998,0,2,47
2,6,1,20.51,21.0,1,3.5519999999999996,1.5519999999999998,0,2,48
2,6,1,21.01,21.5,1,3.6247999999999996,1.6247999999999998,0,2,49
2,6,1,21.51,22.0,1,3.6247999999999996,1.6247999999999998,0,2,50
2,6,1,22.01,22.5,1,3.6972,1.6972,0,2,51
2,6,1,22.51,23.0,1,3.6972,1.6972,0,2,52
2,6,1,23.01,23.5,1,3.77,1.77,0,2,53
2,6,1,23.51,24.0,1,3.77,1.77,0,2,54
2,6,1,24.01,24.5,1,3.8419999999999996,1.8419999999999999,0,2,55
2,6,1,24.51,25.0,1,3.8419999999999996,1.8419999999999999,0,2,56
2,6,1,25.01,25.5,1,3.9143999999999997,1.9143999999999999,0,2,57
2,6,1,25.51,26.0,1,3.9143999999999997,1.9143999999999999,0,2,58
2,6,1,26.01,26.5,1,3.9872,1.9872,0,2,59
2,6,1,26.51,27.0,1,3.9872,1.9872,0,2,60
2,6,1,27.01,27.5,1,5.0596,2.0596,0,2,61
2,6,1,27.51,28.0,1,5.0596,1.0596,0,2,62
2,6,1,28.01,28.5,1,5.1324000000000005,1.1324,0,2,63
2,6,1,28.51,29.0,1,5.1324000000000005,1.1324,0,2,64
2,6,1,29.01,29.5,1,5.2044,1.2044000000000001,0,2,65
2,6,1,29.51,30.0,1,5.2044,1.2044000000000001,0,2,66
2,6,1,30.01,30.5,1,5.277200000000001,2.2772,0,2,67
2,6,1,30.51,31.0,1,5.277200000000001,1.2772000000000001,0,2,68
2,6,1,31.01,31.5,1,5.349600000000001,3.3496,0,2,69
2,6,1,31.51,32.0,1,5.349600000000001,3.3496,0,2,70
2,6,1,32.01,32.5,1,5.4224,2.4224,0,2,71
2,6,1,32.51,33.0,1,5.4224,2.4224,0,2,72
2,6,1,33.01,33.5,1,5.4948,3.4947999999999997,0,2,73
2,6,1,33.51,34.0,1,5.4948,1.4947999999999997,0,2,74
2,6,1,34.01,34.5,1,5.5676000000000005,2.5676,0,2,75
2,6,1,34.51,35.0,1,5.5676000000000005,1.5676,0,2,76
2,6,1,35.01,35.5,1,5.6396,1.6396000000000002,0,2,77
2,6,1,35.51,36.0,1,5.6396,2.6396,0,2,78
2,6,1,36.01,36.5,1,5.712400000000001,3.7124,0,2,79
2,6,1,36.51,37.0,1,5.712400000000001,2.7124,0,2,80
2,6,1,37.01,37.5,1,5.784800000000001,1.7848000000000002,0,2,81
2,6,1,37.51,38.0,1,5.784800000000001,2.7848,0,2,82
2,6,1,38.01,38.5,1,5.857600000000001,2.8576000000000006,0,2,83
2,6,1,38.51,39.0,1,5.857600000000001,1.8576000000000006,0,2,84
2,6,1,39.01,39.5,1,5.93,3.93,0,2,85
2,6,1,39.51,40.0,1,5.93,1.9300000000000002,0,2,86
2,6,1,40.01,40.5,1,7.0024,2.0024,0,2,87
2,6,1,40.51,41.0,1,7.0024,4.0024,0,2,88
2,6,1,41.01,41.5,1,7.0748,3.0748,0,2,89
2,6,1,41.51,42.0,1,7.0748,4.0748,0,2,90
2,6,1,42.01,42.5,1,7.114800000000001,2.1148000000000002,0,2,91
2,6,1,42.51,43.0,1,7.114800000000001,4.114800000000001,0,2,92
2,6,1,43.01,43.5,1,7.114800000000001,3.1148000000000002,0,2,93
2,6,1,43.51,44.0,1,7.114800000000001,4.114800000000001,0,2,94
2,6,1,44.01,44.5,1,7.114800000000001,4.114800000000001,0,2,95
2,6,1,44.51,45.0,1,7.114800000000001,3.1148000000000002,0,2,96
2,6,1,45.01,45.5,1,7.1836,4.1836,0,2,97
2,6,1,45.51,46.0,1,7.1836,4.1836,0,2,98
2,6,1,46.01,46.5,1,7.2524,3.2524,0,2,99
2,6,1,46.51,47.0,1,7.2524,3.2524,0,2,100
2,6,1,47.01,47.5,1,7.3204,3.3204000000000002,0,2,101
2,6,1,47.51,48.0,1,7.3204,2.3204000000000002,0,2,102
2,6,1,48.01,48.5,1,7.388800000000001,4.388800000000001,0,2,103
2,6,1,48.51,49.0,1,7.388800000000001,3.3888000000000007,0,2,104
2,6,1,49.01,49.5,1,7.457600000000001,3.4576000000000007,0,2,105
2,6,1,49.51,50.0,1,7.457600000000001,2.4576000000000007,0,2,106
2,6,1,50.01,50.5,1,7.526,3.5260000000000002,0,2,107
2,6,1,50.51,51.0,1,7.526,2.5260000000000002,0,2,108
2,6,1,51.01,51.5,1,7.5948,3.5948,0,2,109
2,6,1,51.51,52.0,1,7.5948,2.5948,0,2,110
2,6,1,52.01,52.5,1,7.663600000000001,2.6636,0,2,111
2,6,1,52.51,53.0,1,7.663600000000001,4.663600000000001,0,2,112
2,6,1,53.01,53.5,1,7.732000000000001,4.732000000000001,0,2,113
2,6,1,53.51,54.0,1,7.732000000000001,3.7320000000000007,0,2,114
2,6,1,54.01,54.5,1,7.8004,3.8004000000000002,0,2,115
2,6,1,54.51,55.0,1,7.8004,2.8004000000000002,0,2,116
2,6,1,55.01,55.5,1,7.8692,2.8692,0,2,117
2,6,1,55.51,56.0,1,7.8692,2.8692,0,2,118
2,6,1,56.01,56.5,1,7.937600000000001,2.9376000000000007,0,2,119
2,6,1,56.51,57.0,1,7.937600000000001,4.937600000000001,0,2,120
2,6,1,57.01,57.5,1,9.0064,5.0064,0,2,121
2,6,1,57.51,58.0,1,9.0064,6.0064,0,2,122
2,6,1,58.01,58.5,1,9.0744,6.074400000000001,0,2,123
2,6,1,58.51,59.0,1,9.0744,2.0744000000000007,0,2,124
2,6,1,59.01,59.5,1,9.1432,5.1432,0,2,125
2,6,1,59.51,60.0,1,9.1432,6.1432,0,2,126
2,6,1,60.01,60.5,1,9.212,3.2120000000000006,0,2,127
2,6,1,60.51,61.0,1,9.212,4.212000000000001,0,2,128
2,6,1,61.01,61.5,1,9.2808,4.2808,0,2,129
2,6,1,61.51,62.0,1,9.2808,6.2808,0,2,130
2,6,1,62.01,62.5,1,9.3492,6.3492,0,2,131
2,6,1,62.51,63.0,1,9.3492,3.3491999999999997,0,2,132
2,6,1,63.01,63.5,1,9.4176,6.4176,0,2,133
2,6,1,63.51,64.0,1,9.4176,6.4176,0,2,134
2,6,1,64.01,64.5,1,9.4864,6.486400000000001,0,2,135
2,6,1,64.51,65.0,1,9.4864,4.486400000000001,0,2,136
2,6,1,65.01,65.5,1,9.554400000000001,4.5544,0,2,137
2,6,1,65.51,66.0,1,9.554400000000001,3.5544000000000002,0,2,138
2,6,1,66.01,66.5,1,9.5884,5.5884,0,2,139
2,6,1,66.51,67.0,1,9.622399999999999,6.6224,0,2,140
2,6,1,67.01,67.5,1,9.656400000000001,5.6564000000000005,0,2,141
2,6,1,67.51,68.0,1,9.6904,4.6904,0,2,142
2,6,1,68.01,68.5,1,9.7276,4.727600000000001,0,2,143
2,6,1,68.51,69.0,1,9.7276,4.727600000000001,0,2,144
2,6,1,69.01,69.5,1,9.7276,5.727600000000001,0,2,145
2,6,1,69.51,70.0,1,9.7276,3.7276000000000007,0,2,146
2,6,1,70.01,70.5,1,9.7276,2.7276000000000007,0,2,147
2,6,1,70.51,99.99,1,9.7416,0.09359999999999999,0,2,148
2,6,1,100.0,299.99,1,13.3872,0.0908,0,2,149
2,6,1,300.0,499.99,1,35.6672,0.086,0,2,150
2,6,1,500.0,999.99,1,59.4272,0.086,0,2,151
2,6,1,1000.0,9999.99,1,117.8272,0.086,0,2,152
4,6,1,0.0,0.5,1,1.4356,0.43560000000000004,0,2,1
4,6,1,0.51,1.0,1,1.4768,0.4768,0,2,2
4,6,1,1.01,1.5,1,1.5148,0.5147999999999999,0,2,3
4,6,1,1.51,2.0,1,1.5516,0.5516,0,2,4
4,6,1,2.01,2.5,1,1.5859999999999999,0.586,0,2,5
4,6,1,2.51,3.0,1,1.6204,0.6204,0,2,6
4,6,1,3.01,3.5,1,1.654,0.654,0,2,7
4,6,1,3.51,4.0,1,1.6884000000000001,0.6884,0,2,8
4,6,1,4.01,4.5,1,1.7227999999999999,0.7228,0,2,9
4,6,1,4.51,5.0,1,1.7568,0.7567999999999999,0,2,10
4,6,1,5.01,5.5,1,1.7872,0.7872,0,2,11
4,6,1,5.51,6.0,1,1.8176,0.8176000000000001,0,2,12
4,6,1,6.01,6.5,1,1.8479999999999999,0.848,0,2,13
4,6,1,6.51,7.0,1,1.8784,0.8784000000000001,0,2,14
4,6,1,7.01,7.5,1,1.9087999999999998,0.9087999999999999,0,2,15
4,6,1,7.51,8.0,1,1.9392,0.9392,0,2,16
4,6,1,8.01,8.5,1,1.9695999999999998,0.9695999999999999,0,2,17
4,6,1,8.51,9.0,1,2.0,1.0,0,2,18
4,6,1,9.01,9.5,1,3.0304,1.0304,0,2,19
4,6,1,9.51,10.0,1,3.0608,1.0608,0,2,20
4,6,1,10.01,10.5,1,3.0904,1.0903999999999998,0,2,21
4,6,1,10.51,11.0,1,3.12,1.12,0,2,22
4,6,1,11.01,11.5,1,3.1496,1.1496,0,2,23
4,6,1,11.51,12.0,1,3.1792,1.1792,0,2,24
4,6,1,12.01,12.5,1,3.2088,1.2087999999999999,0,2,25
4,6,1,12.51,13.0,1,3.2384,1.2384,0,2,26
4,6,1,13.01,13.5,1,3.268,1.268,0,2,27
4,6,1,13.51,14.0,1,3.2976,1.2976,0,2,28
4,6,1,14.01,14.5,1,3.3272,1.3272,0,2,29
4,6,1,14.51,15.0,1,3.3568,1.3568,0,2,30
4,6,1,15.01,15.5,1,3.3868,1.3868,0,2,31
4,6,1,15.51,16.0,1,3.4168000000000003,1.4168,0,2,32
4,6,1,16.01,16.5,1,3.4468,1.4468,0,2,33
4,6,1,16.51,17.0,1,3.4768,1.4768000000000001,0,2,34
4,6,1,17.01,17.5,1,3.5068,1.5068000000000001,0,2,35
4,6,1,17.51,18.0,1,3.5368000000000004,1.5368000000000002,0,2,36
4,6,1,18.01,18.5,1,3.5667999999999997,1.5668,0,2,37
4,6,1,18.51,19.0,1,3.5968,1.5968,0,2,38
4,6,1,19.01,19.5,1,3.6268000000000002,1.6268,0,2,39
4,6,1,19.51,20.0,1,3.6568,1.6568,0,2,40
4,6,1,20.01,20.5,1,3.6868,1.6868,0,2,41
4,6,1,20.51,21.0,1,3.7168,1.7168,0,2,42
4,6,1,21.01,21.5,1,3.7468000000000004,1.7468000000000001,0,2,43
4,6,1,21.51,22.0,1,3.7768,1.7768000000000002,0,2,44
4,6,1,22.01,22.5,1,3.8068,1.8068,0,2,45
4,6,1,22.51,23.0,1,3.8368,1.8368,0,2,46
4,6,1,23.01,23.5,1,3.8668,1.8668,0,2,47
4,6,1,23.51,24.0,1,3.8968,1.8968,0,2,48
4,6,1,24.01,24.5,1,3.9268,1.9268,0,2,49
4,6,1,24.51,25.0,1,3.9568000000000003,1.9568,0,2,50
4,6,1,25.01,25.5,1,3.9868,1.9868000000000001,0,2,51
4,6,1,25.51,26.0,1,5.0168,3.0168,0,2,52
4,6,1,26.01,26.5,1,5.0468,1.0468000000000002,0,2,53
4,6,1,26.51,27.0,1,5.0768,2.0768,0,2,54
4,6,1,27.01,27.5,1,5.1068,1.1068000000000002,0,2,55
4,6,1,27.51,28.0,1,5.1368,2.1368,0,2,56
4,6,1,28.01,28.5,1,5.1668,1.1668000000000003,0,2,57
4,6,1,28.51,29.0,1,5.1968,3.1968,0,2,58
4,6,1,29.01,29.5,1,5.2268,1.2268,0,2,59
4,6,1,29.51,30.0,1,5.2568,3.2568,0,2,60
4,6,1,30.01,30.5,1,5.2867999999999995,1.2868,0,2,61
4,6,1,30.51,31.0,1,5.316800000000001,3.3168,0,2,62
4,6,1,31.01,31.5,1,5.3468,3.3468,0,2,63
4,6,1,31.51,32.0,1,5.3768,1.3768000000000002,0,2,64
4,6,1,32.01,32.5,1,5.4068000000000005,1.4068,0,2,65
4,6,1,32.51,33.0,1,5.4368,1.4367999999999999,0,2,66
4,6,1,33.01,33.5,1,5.4668,2.4668,0,2,67
4,6,1,33.51,34.0,1,5.4968,2.4968,0,2,68
4,6,1,34.01,34.5,1,5.5268,2.5268,0,2,69
4,6,1,34.51,35.0,1,5.5568,1.5568,0,2,70
4,6,1,35.01,35.5,1,5.5868,3.5868,0,2,71
4,6,1,35.51,36.0,1,5.6168,2.6168,0,2,72
4,6,1,36.01,36.5,1,5.646800000000001,1.6468000000000003,0,2,73
4,6,1,36.51,37.0,1,5.6768,2.6768,0,2,74
4,6,1,37.01,37.5,1,5.706799999999999,3.7068,0,2,75
4,6,1,37.51,38.0,1,5.736800000000001,2.7368,0,2,76
4,6,1,38.01,38.5,1,5.7668,2.7668,0,2,77
4,6,1,38.51,39.0,1,5.7968,3.7968,0,2,78
4,6,1,39.01,39.5,1,5.8268,2.8268,0,2,79
4,6,1,39.51,40.0,1,5.8568,2.8568000000000002,0,2,80
4,6,1,40.01,40.5,1,5.8868,3.8868,0,2,81
4,6,1,40.51,41.0,1,5.9168,2.9168000000000003,0,2,82
4,6,1,41.01,41.5,1,5.9468,1.9468,0,2,83
4,6,1,41.51,42.0,1,5.9768,1.9768,0,2,84
4,6,1,42.01,42.5,1,7.0068,3.0068,0,2,85
4,6,1,42.51,43.0,1,7.0367999999999995,2.0368,0,2,86
4,6,1,43.01,43.5,1,7.066800000000001,2.0668,0,2,87
4,6,1,43.51,44.0,1,7.0968,2.0968,0,2,88
4,6,1,44.01,44.5,1,7.1268,3.1268000000000002,0,2,89
4,6,1,44.51,45.0,1,7.1568000000000005,2.1568,0,2,90
4,6,1,45.01,45.5,1,7.1908,3.1908000000000003,0,2,91
4,6,1,45.51,46.0,1,7.2248,2.2248,0,2,92
4,6,1,46.01,46.5,1,7.258800000000001,3.2588000000000004,0,2,93
4,6,1,46.51,47.0,1,7.2928,2.2928,0,2,94
4,6,1,47.01,47.5,1,7.3268,2.3268,0,2,95
4,6,1,47.51,48.0,1,7.3608,2.3608000000000002,0,2,96
4,6,1,48.01,48.5,1,7.3948,3.3948,0,2,97
4,6,1,48.51,49.0,1,7.428800000000001,2.4288000000000007,0,2,98
4,6,1,49.01,49.5,1,7.4628,2.4628,0,2,99
4,6,1,49.51,50.0,1,7.4968,4.4968,0,2,100
4,6,1,50.01,50.5,1,7.530800000000001,3.5308000000000006,0,2,101
4,6,1,50.51,51.0,1,7.5648,2.5648,0,2,102
4,6,1,51.01,51.5,1,7.598800000000001,4.598800000000001,0,2,103
4,6,1,51.51,52.0,1,7.6328000000000005,4.6328000000000005,0,2,104
4,6,1,52.01,52.5,1,7.6668,2.6668000000000003,0,2,105
4,6,1,52.51,53.0,1,7.700800000000001,4.700800000000001,0,2,106
4,6,1,53.01,53.5,1,7.7348,2.7348000000000003,0,2,107
4,6,1,53.51,54.0,1,7.768800000000001,3.7688000000000006,0,2,108
4,6,1,54.01,54.5,1,7.8028,2.8028000000000004,0,2,109
4,6,1,54.51,55.0,1,7.8368,4.8368,0,2,110
4,6,1,55.01,55.5,1,7.870800000000001,2.8708000000000005,0,2,111
4,6,1,55.51,56.0,1,7.9048,3.9048000000000003,0,2,112
4,6,1,56.01,56.5,1,7.9388000000000005,2.9388000000000005,0,2,113
4,6,1,56.51,57.0,1,7.9728,3.9728000000000003,0,2,114
4,6,1,57.01,57.5,1,9.0068,6.0068,0,2,115
4,6,1,57.51,58.0,1,9.0408,4.040800000000001,0,2,116
4,6,1,58.01,58.5,1,9.0748,5.0748,0,2,117
4,6,1,58.51,59.0,1,9.1088,5.1088000000000005,0,2,118
4,6,1,59.01,59.5,1,9.142800000000001,3.1428000000000003,0,2,119
4,6,1,59.51,60.0,1,9.1768,6.1768,0,2,120
4,6,1,60.01,60.5,1,9.2108,3.2108000000000008,0,2,121
4,6,1,60.51,61.0,1,9.244800000000001,5.244800000000001,0,2,122
4,6,1,61.01,61.5,1,9.2788,6.2788,0,2,123
4,6,1,61.51,62.0,1,9.3128,2.3128,0,2,124
4,6,1,62.01,62.5,1,9.3468,3.3468,0,2,125
4,6,1,62.51,63.0,1,9.3808,2.3808000000000007,0,2,126
4,6,1,63.01,63.5,1,9.4148,2.4148000000000005,0,2,127
4,6,1,63.51,64.0,1,9.4488,6.4488,0,2,128
4,6,1,64.01,64.5,1,9.482800000000001,6.4828,0,2,129
4,6,1,64.51,65.0,1,9.5168,4.5168,0,2,130
4,6,1,65.01,65.5,1,9.5508,6.550800000000001,0,2,131
4,6,1,65.51,66.0,1,9.584800000000001,4.5848,0,2,132
4,6,1,66.01,66.5,1,9.6188,4.6188,0,2,133
4,6,1,66.51,67.0,1,9.6528,6.6528,0,2,134
4,6,1,67.01,67.5,1,9.6868,5.6868,0,2,135
4,6,1,67.51,68.0,1,9.7208,4.7208000000000006,0,2,136
4,6,1,68.01,68.5,1,9.7548,6.7548,0,2,137
4,6,1,68.51,69.0,1,9.7888,5.7888,0,2,138
4,6,1,69.01,69.5,1,9.8228,4.8228,0,2,139
4,6,1,69.51,70.0,1,9.8568,2.8568,0,2,140
4,6,1,70.01,70.5,1,9.8908,2.8908000000000005,0,2,141
4,6,1,70.51,71.0,1,9.924800000000001,4.9248,0,2,142
4,6,1,71.01,71.5,1,9.9588,6.9588,0,2,143
4,6,1,71.51,72.0,1,9.992799999999999,6.9928,0,2,144
4,6,1,72.01,72.5,1,11.0268,4.0268,0,2,145
4,6,1,72.51,73.0,1,11.0608,4.0608,0,2,146
4,6,1,73.01,73.5,1,11.0948,5.0948,0,2,147
4,6,1,73.51,74.0,1,11.1288,7.1288,0,2,148
4,6,1,74.01,74.5,1,11.1628,6.1628,0,2,149
4,6,1,74.51,75.0,1,11.1968,5.1968000000000005,0,2,150
4,6,1,75.01,99999.99,1,11.2216,0.096,0,2,151
4,6,1,0.0,0.5,1,1.4356,0.43560000000000004,0,2,1
4,6,1,0.51,1.0,1,1.4768,0.4768,0,2,2
4,6,1,1.01,1.5,1,1.5148,0.5147999999999999,0,2,3
4,6,1,1.51,2.0,1,1.5516,0.5516,0,2,4
4,6,1,2.01,2.5,1,1.5859999999999999,0.586,0,2,5
4,6,1,2.51,3.0,1,1.6204,0.6204,0,2,6
4,6,1,3.01,3.5,1,1.654,0.654,0,2,7
4,6,1,3.51,4.0,1,1.6884000000000001,0.6884,0,2,8
4,6,1,4.01,4.5,1,1.7227999999999999,0.7228,0,2,9
4,6,1,4.51,5.0,1,1.7568,0.7567999999999999,0,2,10
4,6,1,5.01,5.5,1,1.7872,0.7872,0,2,11
4,6,1,5.51,6.0,1,1.8176,0.8176000000000001,0,2,12
4,6,1,6.01,6.5,1,1.8479999999999999,0.848,0,2,13
4,6,1,6.51,7.0,1,1.8784,0.8784000000000001,0,2,14
4,6,1,7.01,7.5,1,1.9087999999999998,0.9087999999999999,0,2,15
4,6,1,7.51,8.0,1,1.9392,0.9392,0,2,16
4,6,1,8.01,8.5,1,1.9695999999999998,0.9695999999999999,0,2,17
4,6,1,8.51,9.0,1,2.0,1.0,0,2,18
4,6,1,9.01,9.5,1,3.0304,1.0304,0,2,19
4,6,1,9.51,10.0,1,3.0608,1.0608,0,2,20
4,6,1,10.01,10.5,1,3.0904,1.0903999999999998,0,2,21
4,6,1,10.51,11.0,1,3.12,1.12,0,2,22
4,6,1,11.01,11.5,1,3.1496,1.1496,0,2,23
4,6,1,11.51,12.0,1,3.1792,1.1792,0,2,24
4,6,1,12.01,12.5,1,3.2088,1.2087999999999999,0,2,25
4,6,1,12.51,13.0,1,3.2384,1.2384,0,2,26
4,6,1,13.01,13.5,1,3.268,1.268,0,2,27
4,6,1,13.51,14.0,1,3.2976,1.2976,0,2,28
4,6,1,14.01,14.5,1,3.3272,1.3272,0,2,29
4,6,1,14.51,15.0,1,3.3568,1.3568,0,2,30
4,6,1,15.01,15.5,1,3.3868,1.3868,0,2,31
4,6,1,15.51,16.0,1,3.4168000000000003,1.4168,0,2,32
4,6,1,16.01,16.5,1,3.4468,1.4468,0,2,33
4,6,1,16.51,17.0,1,3.4768,1.4768000000000001,0,2,34
4,6,1,17.01,17.5,1,3.5068,1.5068000000000001,0,2,35
4,6,1,17.51,18.0,1,3.5368000000000004,1.5368000000000002,0,2,36
4,6,1,18.01,18.5,1,3.5667999999999997,1.5668,0,2,37
4,6,1,18.51,19.0,1,3.5968,1.5968,0,2,38
4,6,1,19.01,19.5,1,3.6268000000000002,1.6268,0,2,39
4,6,1,19.51,20.0,1,3.6568,1.6568,0,2,40
4,6,1,20.01,20.5,1,3.6868,1.6868,0,2,41
4,6,1,20.51,21.0,1,3.7168,1.7168,0,2,42
4,6,1,21.01,21.5,1,3.7468000000000004,1.7468000000000001,0,2,43
4,6,1,21.51,22.0,1,3.7768,1.7768000000000002,0,2,44
4,6,1,22.01,22.5,1,3.8068,1.8068,0,2,45
4,6,1,22.51,23.0,1,3.8368,1.8368,0,2,46
4,6,1,23.01,23.5,1,3.8668,1.8668,0,2,47
4,6,1,23.51,24.0,1,3.8968,1.8968,0,2,48
4,6,1,24.01,24.5,1,3.9268,1.9268,0,2,49
4,6,1,24.51,25.0,1,3.9568000000000003,1.9568,0,2,50
4,6,1,25.01,25.5,1,3.9868,1.9868000000000001,0,2,51
4,6,1,25.51,26.0,1,5.0168,2.0168,0,2,52
4,6,1,26.01,26.5,1,5.0468,1.0468000000000002,0,2,53
4,6,1,26.51,27.0,1,5.0768,1.0768,0,2,54
4,6,1,27.01,27.5,1,5.1068,1.1068000000000002,0,2,55
4,6,1,27.51,28.0,1,5.1368,3.1368,0,2,56
4,6,1,28.01,28.5,1,5.1668,2.1668000000000003,0,2,57
4,6,1,28.51,29.0,1,5.1968,2.1968,0,2,58
4,6,1,29.01,29.5,1,5.2268,1.2268,0,2,59
4,6,1,29.51,30.0,1,5.2568,1.2568000000000001,0,2,60
4,6,1,30.01,30.5,1,5.2867999999999995,2.2868,0,2,61
4,6,1,30.51,31.0,1,5.316800000000001,3.3168,0,2,62
4,6,1,31.01,31.5,1,5.3468,3.3468,0,2,63
4,6,1,31.51,32.0,1,5.3768,3.3768000000000002,0,2,64
4,6,1,32.01,32.5,1,5.4068000000000005,3.4068,0,2,65
4,6,1,32.51,33.0,1,5.4368,2.4368,0,2,66
4,6,1,33.01,33.5,1,5.4668,1.4668,0,2,67
4,6,1,33.51,34.0,1,5.4968,1.4968,0,2,68
4,6,1,34.01,34.5,1,5.5268,2.5268,0,2,69
4,6,1,34.51,35.0,1,5.5568,2.5568,0,2,70
4,6,1,35.01,35.5,1,5.5868,3.5868,0,2,71
4,6,1,35.51,36.0,1,5.6168,1.6168,0,2,72
4,6,1,36.01,36.5,1,5.646800000000001,3.6468000000000003,0,2,73
4,6,1,36.51,37.0,1,5.6768,2.6768,0,2,74
4,6,1,37.01,37.5,1,5.706799999999999,3.7068,0,2,75
4,6,1,37.51,38.0,1,5.736800000000001,2.7368,0,2,76
4,6,1,38.01,38.5,1,5.7668,2.7668,0,2,77
4,6,1,38.51,39.0,1,5.7968,1.7968000000000002,0,2,78
4,6,1,39.01,39.5,1,5.8268,2.8268,0,2,79
4,6,1,39.51,40.0,1,5.8568,1.8568000000000002,0,2,80
4,6,1,40.01,40.5,1,5.8868,1.8868,0,2,81
4,6,1,40.51,41.0,1,5.9168,3.9168000000000003,0,2,82
4,6,1,41.01,41.5,1,5.9468,2.9468,0,2,83
4,6,1,41.51,42.0,1,5.9768,1.9768,0,2,84
4,6,1,42.01,42.5,1,7.0068,4.0068,0,2,85
4,6,1,42.51,43.0,1,7.0367999999999995,3.0368,0,2,86
4,6,1,43.01,43.5,1,7.066800000000001,2.0668,0,2,87
4,6,1,43.51,44.0,1,7.0968,2.0968,0,2,88
4,6,1,44.01,44.5,1,7.1268,2.1268000000000002,0,2,89
4,6,1,44.51,45.0,1,7.1568000000000005,4.1568000000000005,0,2,90
4,6,1,45.01,45.5,1,7.1908,2.1908000000000003,0,2,91
4,6,1,45.51,46.0,1,7.2248,4.2248,0,2,92
4,6,1,46.01,46.5,1,7.258800000000001,3.2588000000000004,0,2,93
4,6,1,46.51,47.0,1,7.2928,3.2928,0,2,94
4,6,1,47.01,47.5,1,7.3268,3.3268,0,2,95
4,6,1,47.51,48.0,1,7.3608,3.3608000000000002,0,2,96
4,6,1,48.01,48.5,1,7.3948,4.3948,0,2,97
4,6,1,48.51,49.0,1,7.428800000000001,2.4288000000000007,0,2,98
4,6,1,49.01,49.5,1,7.4628,2.4628,0,2,99
4,6,1,49.51,50.0,1,7.4968,4.4968,0,2,100
4,6,1,50.01,50.5,1,7.530800000000001,4.530800000000001,0,2,101
4,6,1,50.51,51.0,1,7.5648,4.5648,0,2,102
4,6,1,51.01,51.5,1,7.598800000000001,3.5988000000000007,0,2,103
4,6,1,51.51,52.0,1,7.6328000000000005,2.6328000000000005,0,2,104
4,6,1,52.01,52.5,1,7.6668,3.6668000000000003,0,2,105
4,6,1,52.51,53.0,1,7.700800000000001,4.700800000000001,0,2,106
4,6,1,53.01,53.5,1,7.7348,2.7348000000000003,0,2,107
4,6,1,53.51,54.0,1,7.768800000000001,2.7688000000000006,0,2,108
4,6,1,54.01,54.5,1,7.8028,4.8028,0,2,109
4,6,1,54.51,55.0,1,7.8368,4.8368,0,2,110
4,6,1,55.01,55.5,1,7.870800000000001,4.870800000000001,0,2,111
4,6,1,55.51,56.0,1,7.9048,4.9048,0,2,112
4,6,1,56.01,56.5,1,7.9388000000000005,2.9388000000000005,0,2,113
4,6,1,56.51,57.0,1,7.9728,2.9728000000000003,0,2,114
4,6,1,57.01,57.5,1,9.0068,4.0068,0,2,115
4,6,1,57.51,58.0,1,9.0408,2.040800000000001,0,2,116
4,6,1,58.01,58.5,1,9.0748,4.0748,0,2,117
4,6,1,58.51,59.0,1,9.1088,2.1088000000000005,0,2,118
4,6,1,59.01,59.5,1,9.142800000000001,2.1428000000000003,0,2,119
4,6,1,59.51,60.0,1,9.1768,6.1768,0,2,120
4,6,1,60.01,60.5,1,9.2108,2.2108000000000008,0,2,121
4,6,1,60.51,61.0,1,9.244800000000001,6.244800000000001,0,2,122
4,6,1,61.01,61.5,1,9.2788,3.2788000000000004,0,2,123
4,6,1,61.51,62.0,1,9.3128,5.3128,0,2,124
4,6,1,62.01,62.5,1,9.3468,6.3468,0,2,125
4,6,1,62.51,63.0,1,9.3808,3.3808000000000007,0,2,126
4,6,1,63.01,63.5,1,9.4148,4.4148000000000005,0,2,127
4,6,1,63.51,64.0,1,9.4488,5.4488,0,2,128
4,6,1,64.01,64.5,1,9.482800000000001,4.4828,0,2,129
4,6,1,64.51,65.0,1,9.5168,4.5168,0,2,130
4,6,1,65.01,65.5,1,9.5508,6.550800000000001,0,2,131
4,6,1,65.51,66.0,1,9.584800000000001,5.5848,0,2,132
4,6,1,66.01,66.5,1,9.6188,2.6188000000000002,0,2,133
4,6,1,66.51,67.0,1,9.6528,3.6528,0,2,134
4,6,1,67.01,67.5,1,9.6868,2.6868,0,2,135
4,6,1,67.51,68.0,1,9.7208,5.7208000000000006,0,2,136
4,6,1,68.01,68.5,1,9.7548,5.7548,0,2,137
4,6,1,68.51,69.0,1,9.7888,6.7888,0,2,138
4,6,1,69.01,69.5,1,9.8228,6.8228,0,2,139
4,6,1,69.51,70.0,1,9.8568,5.8568,0,2,140
4,6,1,70.01,70.5,1,9.8908,2.8908000000000005,0,2,141
4,6,1,70.51,71.0,1,9.924800000000001,3.9248000000000003,0,2,142
4,6,1,71.01,71.5,1,9.9588,3.9588,0,2,143
4,6,1,71.51,72.0,1,9.992799999999999,6.9928,0,2,144
4,6,1,72.01,72.5,1,11.0268,4.0268,0,2,145
4,6,1,72.51,73.0,1,11.0608,3.0608000000000004,0,2,146
4,6,1,73.01,73.5,1,11.0948,7.0948,0,2,147
4,6,1,73.51,74.0,1,11.1288,6.1288,0,2,148
4,6,1,74.01,74.5,1,11.1628,7.1628,0,2,149
4,6,1,74.51,75.0,1,11.1968,4.1968000000000005,0,2,150
4,6,1,75.01,99999.99,1,11.2216,0.096,0,2,151
8,9,1,500.0,1999.99,1,25.584000000000003,0.053200000000000004,0,2,11
8,9,1,100.0,249.99,1,25.584000000000003,0.053200000000000004,0,2,12
8,9,1,0.0,99.99,1,25.584000000000003,0.053200000000000004,0,2,13
8,9,1,2000.0,99999.99,1,25.584000000000003,0.053200000000000004,0,2,14
8,9,1,250.0,499.99,1,25.584000000000003,0.053200000000000004,0,2,15
8,11,1,100.0,249.99,1,17.483600000000003,0.17679999999999998,0,2,11
8,11,1,500.0,1999.99,1,17.483600000000003,0.17679999999999998,0,2,12
8,11,1,250.0,499.99,1,17.483600000000003,0.17679999999999998,0,2,13
8,11,1,0.0,99.99,1,17.483600000000003,0.17679999999999998,0,2,14
8,11,1,2000.0,99999.99,1,17.483600000000003,0.17679999999999998,0,2,15
1,4,1,500.0,1999.99,1,3.4552,0.054400000000000004,0,2,6
1,4,1,0.0,99.99,1,3.4552,0.0824,0,2,7
1,4,1,250.0,499.99,1,3.4552,0.054400000000000004,0,2,8
1,4,1,2000.0,99999.99,1,3.4552,0.054400000000000004,0,2,9
1,4,1,100.0,249.99,1,3.4552,0.056400000000000006,0,2,10
1,4,1,2000.0,99999.99,1,1.4992,0.0424,0,2,6
1,4,1,100.0,249.99,1,1.4992,0.0424,0,2,7
1,4,1,250.0,499.99,1,1.4992,0.0424,0,2,8
1,4,1,500.0,1999.99,1,1.4992,0.0424,0,2,9
1,4,1,0.0,99.99,1,1.4992,0.0484,0,2,10
8,4,1,2000.0,99999.99,1,29.8812,0.15560000000000002,0,2,11
8,4,1,100.0,249.99,1,29.8812,0.15560000000000002,0,2,12
8,4,1,0.0,99.99,1,29.8812,0.15560000000000002,0,2,13
8,4,1,250.0,499.99,1,29.8812,0.15560000000000002,0,2,14
8,4,1,500.0,1999.99,1,29.8812,0.15560000000000002,0,2,15
2,4,1,0.01,0.5,1,1.202,0.20199999999999999,0,2,1
2,4,1,0.51,1.0,1,1.2604,0.26039999999999996,0,2,2
2,4,1,1.01,1.5,1,1.3192,0.3192,0,2,3
2,4,1,1.51,2.0,1,1.3804,0.3804,0,2,4
2,4,1,2.01,2.5,1,1.4416,0.4416,0,2,5
2,4,1,70.51,99.99,1,9.0884,0.08439999999999999,0,2,6
2,4,1,100.0,299.99,1,11.6272,0.0832,0,2,7
2,4,1,300.0,499.99,1,33.227199999999996,0.08120000000000001,0,2,8
2,4,1,500.0,999.99,1,53.4272,0.08,0,2,9
2,4,1,1000.0,9999.99,1,101.8272,0.07800000000000001,0,2,10
2,4,1,0.01,0.5,1,1.4264000000000001,0.4264,0,2,11
2,4,1,0.51,1.0,1,1.4396,0.4396,0,2,12
2,4,1,1.01,1.5,1,1.4824,0.4824,0,2,13
2,4,1,1.51,2.0,1,1.5252,0.5252,0,2,14
2,4,1,2.01,2.5,1,1.568,0.568,0,2,15
2,4,1,70.51,99.99,1,7.804400000000001,0.08040000000000001,0,2,16
2,4,1,100.0,299.99,1,11.2272,0.07919999999999999,0,2,17
2,4,1,300.0,499.99,1,31.267200000000003,0.07800000000000001,0,2,18
2,4,1,500.0,999.99,1,49.4272,0.076,0,2,19
2,4,1,1000.0,9999.99,1,95.22720000000001,0.0744,0,2,20
8,2,1,100.0,249.99,1,25.3328,0.1076,0,2,11
8,2,1,2000.0,99999.99,1,25.3328,0.1076,0,2,12
8,2,1,500.0,1999.99,1,25.3328,0.1076,0,2,13
8,2,1,250.0,499.99,1,25.3328,0.1076,0,2,14
8,2,1,0.0,99.99,1,25.3328,0.1076,0,2,15
5,2,1,0.0,99.99,1,7.187200000000001,0.08560000000000001,0,2,6
5,2,1,100.0,249.99,1,7.187200000000001,0.07200000000000001,0,2,7
5,2,1,250.0,499.99,1,7.187200000000001,0.07200000000000001,0,2,8
5,2,1,2000.0,99999.99,1,7.187200000000001,0.07200000000000001,0,2,9
5,2,1,500.0,1999.99,1,7.187200000000001,0.07200000000000001,0,2,10
5,2,1,2000.0,99999.99,1,5.3872,0.05720000000000001,0,2,1
5,2,1,0.0,99.99,1,5.3872,0.0708,0,2,2
5,2,1,100.0,249.99,1,5.3872,0.05720000000000001,0,2,3
5,2,1,500.0,1999.99,1,5.027200000000001,0.0592,0,2,4
5,2,1,2000.0,99999.99,1,5.027200000000001,0.0592,0,2,5
5,2,1,0.0,99.99,1,1.7872,0.07279999999999999,0,2,6
5,2,1,250.0,499.99,1,5.3872,0.05720000000000001,0,2,7
5,2,1,250.0,499.99,1,5.027200000000001,0.0592,0,2,8
5,2,1,500.0,1999.99,1,1.7872,0.0592,0,2,9
5,2,1,100.0,249.99,1,1.7872,0.0592,0,2,10
5,2,1,250.0,499.99,1,1.7872,0.0592,0,2,11
5,2,1,100.0,249.99,1,5.027200000000001,0.0592,0,2,12
5,2,1,2000.0,99999.99,1,1.7872,0.0592,0,2,13
5,2,1,500.0,1999.99,1,5.3872,0.05720000000000001,0,2,14
5,2,1,0.0,99.99,1,5.027200000000001,0.07640000000000001,0,2,15
5,5,1,0.0,99.99,1,11.6072,0.1616,0,2,6
5,5,1,100.0,249.99,1,11.6072,0.1096,0,2,7
5,5,1,2000.0,99999.99,1,11.6072,0.09359999999999999,0,2,8
5,5,1,500.0,1999.99,1,11.6072,0.0964,0,2,9
5,5,1,250.0,499.99,1,11.6072,0.0984,0,2,10
5,5,1,500.0,1999.99,1,7.0072,0.07640000000000001,0,2,6
5,5,1,0.0,99.99,1,7.0072,0.1416,0,2,7
5,5,1,250.0,499.99,1,7.0072,0.08040000000000001,0,2,8
5,5,1,2000.0,99999.99,1,7.0072,0.0744,0,2,9
5,5,1,100.0,249.99,1,7.0072,0.08560000000000001,0,2,10
2,5,1,0.01,0.5,1,1.73996,0.73996,0,2,1
2,5,1,0.51,1.0,1,1.827304,0.827304,0,2,2
2,5,1,1.01,1.5,1,1.901464,0.901464,0,2,3
2,5,1,1.51,2.0,1,1.980156,0.9801559999999999,0,2,4
2,5,1,2.01,2.5,1,3.056376,1.056376,0,2,5
2,5,1,20.51,44.99,1,7.0813559999999995,0.172636,0,2,6
2,5,1,45.0,70.99,1,11.589200000000002,0.1508,0,2,7
2,5,1,71.0,99.99,1,17.130004,0.141324,0,2,8
2,5,1,100.0,299.99,1,21.5744,0.132672,0,2,9
2,5,1,300.0,499.99,1,63.6688,0.132672,0,2,10
2,5,1,500.0,999.99,1,105.76320000000001,0.132672,0,2,11
2,5,1,1000.0,9999.99,1,211.4992,0.132672,0,2,12
2,5,1,0.01,0.5,1,1.734604,0.7346039999999999,0,2,13
2,5,1,0.51,1.0,1,1.823184,0.8231839999999999,0,2,14
2,5,1,1.01,1.5,1,1.911764,0.911764,0,2,15
2,5,1,1.51,2.0,1,3.000344,1.0003440000000001,0,2,16
2,5,1,2.01,2.5,1,3.088924,1.088924,0,2,17
2,5,1,20.51,44.99,1,5.8304480000000005,0.160688,0,2,18
2,5,1,45.0,70.99,1,11.14424,0.140912,0,2,19
2,5,1,71.0,99.99,1,15.486460000000001,0.13226000000000002,0,2,20
2,5,1,100.0,299.99,1,19.709200000000003,0.12402,0,2,21
2,5,1,300.0,499.99,1,59.0732,0.12402,0,2,22
2,5,1,500.0,999.99,1,97.4372,0.12402,0,2,23
2,5,1,1000.0,9999.99,1,193.8472,0.12402,0,2,24
7,3,1,0.0,5000.0,1,425.0272,128.02720000000002,1,2,1
8,3,1,250.0,499.99,1,27.563200000000002,0.3472,0,2,11
8,3,1,2000.0,99999.99,1,27.563200000000002,0.2692,0,2,12
8,3,1,0.0,99.99,1,27.563200000000002,0.3472,0,2,13
8,3,1,100.0,249.99,1,27.563200000000002,0.3472,0,2,14
8,3,1,500.0,1999.99,1,27.563200000000002,0.2692,0,2,15
5,6,1,2000.0,99999.99,1,25.4672,0.2884,0,1,11
5,6,1,100.0,249.99,1,25.4672,0.2884,0,1,12
5,6,1,250.0,499.99,1,25.4672,0.2884,0,1,13
5,6,1,500.0,1999.99,1,25.4672,0.2884,0,1,14
5,6,1,0.0,99.99,1,25.4672,0.3104,0,1,15
5,6,1,2000.0,99999.99,1,19.6672,0.2756,0,1,6
5,6,1,250.0,499.99,1,19.6672,0.2756,0,1,7
5,6,1,500.0,1999.99,1,19.6672,0.2756,0,1,8
5,6,1,0.0,99.99,1,19.6672,0.2976,0,1,9
5,6,1,100.0,249.99,1,19.6672,0.2756,0,1,10
5,9,1,0.0,5000.0,1,31.278399999999998,21.278399999999998,1,1,1
4,4,1,0.0,0.5,1,1.396,0.396,0,1,1
4,4,1,0.51,1.0,1,1.4447999999999999,0.4448,0,1,2
4,4,1,1.01,1.5,1,1.4928,0.4928,0,1,3
4,4,1,1.51,2.0,1,1.5415999999999999,0.5416,0,1,4
4,4,1,2.01,2.5,1,1.5899999999999999,0.59,0,1,5
4,4,1,2.51,3.0,1,1.6383999999999999,0.6384,0,1,6
4,4,1,3.01,3.5,1,1.6872,0.6872,0,1,7
4,4,1,3.51,4.0,1,1.7356,0.7356,0,1,8
4,4,1,4.01,4.5,1,1.784,0.784,0,1,9
4,4,1,4.51,5.0,1,1.832,0.8320000000000001,0,1,10
4,4,1,5.01,5.5,1,1.8476,0.8476,0,1,11
4,4,1,5.51,6.0,1,1.8632,0.8632,0,1,12
4,4,1,6.01,6.5,1,1.8788,0.8787999999999999,0,1,13
4,4,1,6.51,7.0,1,1.8944,0.8944,0,1,14
4,4,1,7.01,7.5,1,1.9100000000000001,0.91,0,1,15
4,4,1,7.51,8.0,1,1.9256,0.9256,0,1,16
4,4,1,8.01,8.5,1,1.9412,0.9412,0,1,17
4,4,1,8.51,9.0,1,1.9567999999999999,0.9567999999999999,0,1,18
4,4,1,9.01,9.5,1,1.9724,0.9723999999999999,0,1,19
4,4,1,9.51,10.0,1,1.988,0.988,0,1,20
4,4,1,10.01,10.5,1,1.9948000000000001,0.9948,0,1,21
4,4,1,10.51,11.0,1,3.0016,1.0016,0,1,22
4,4,1,11.01,11.5,1,3.0084,1.0084,0,1,23
4,4,1,11.51,12.0,1,3.0152,1.0151999999999999,0,1,24
4,4,1,12.01,12.5,1,3.0220000000000002,1.022,0,1,25
4,4,1,12.51,13.0,1,3.0288,1.0288,0,1,26
4,4,1,13.01,13.5,1,3.0356,1.0356,0,1,27
4,4,1,13.51,14.0,1,3.0423999999999998,1.0424,0,1,28
4,4,1,14.01,14.5,1,3.0492,1.0492,0,1,29
4,4,1,14.51,15.0,1,3.056,1.056,0,1,30
4,4,1,15.01,15.5,1,3.0700000000000003,1.07,0,1,31
4,4,1,15.51,16.0,1,3.084,1.084,0,1,32
4,4,1,16.01,16.5,1,3.098,1.0979999999999999,0,1,33
4,4,1,16.51,17.0,1,3.112,1.112,0,1,34
4,4,1,17.01,17.5,1,3.126,1.126,0,1,35
4,4,1,17.51,18.0,1,3.1399999999999997,1.14,0,1,36
4,4,1,18.01,18.5,1,3.154,1.1540000000000001,0,1,37
4,4,1,18.51,19.0,1,3.168,1.168,0,1,38
4,4,1,19.01,19.5,1,3.182,1.182,0,1,39
4,4,1,19.51,20.0,1,3.1959999999999997,1.196,0,1,40
4,4,1,20.01,20.5,1,3.21,1.21,0,1,41
4,4,1,20.51,21.0,1,3.224,1.224,0,1,42
4,4,1,21.01,21.5,1,3.238,1.238,0,1,43
4,4,1,21.51,22.0,1,3.252,1.252,0,1,44
4,4,1,22.01,22.5,1,3.266,1.266,0,1,45
4,4,1,22.51,23.0,1,3.2800000000000002,1.28,0,1,46
4,4,1,23.01,23.5,1,3.294,1.294,0,1,47
4,4,1,23.51,24.0,1,3.308,1.308,0,1,48
4,4,1,24.01,24.5,1,3.322,1.3219999999999998,0,1,49
4,4,1,24.51,25.0,1,3.336,1.3359999999999999,0,1,50
4,4,1,25.01,25.5,1,3.3848,1.3847999999999998,0,1,51
4,4,1,25.51,26.0,1,3.4335999999999998,1.4335999999999998,0,1,52
4,4,1,26.01,26.5,1,3.4824,1.4824000000000002,0,1,53
4,4,1,26.51,27.0,1,3.5312,1.5312000000000001,0,1,54
4,4,1,27.01,27.5,1,3.58,1.58,0,1,55
4,4,1,27.51,28.0,1,3.6288,1.6288,0,1,56
4,4,1,28.01,28.5,1,3.6776,1.6776,0,1,57
4,4,1,28.51,29.0,1,3.7264,1.7264,0,1,58
4,4,1,29.01,29.5,1,3.7752,1.7752000000000001,0,1,59
4,4,1,29.51,30.0,1,3.824,1.824,0,1,60
4,4,1,30.01,30.5,1,3.8728,1.8728,0,1,61
4,4,1,30.51,31.0,1,3.9215999999999998,1.9216,0,1,62
4,4,1,31.01,31.5,1,3.9703999999999997,1.9704,0,1,63
4,4,1,31.51,32.0,1,5.0192,1.0191999999999997,0,1,64
4,4,1,32.01,32.5,1,5.068,3.068,0,1,65
4,4,1,32.51,33.0,1,5.1168,2.1168,0,1,66
4,4,1,33.01,33.5,1,5.1655999999999995,3.1656,0,1,67
4,4,1,33.51,34.0,1,5.2143999999999995,3.2144,0,1,68
4,4,1,34.01,34.5,1,5.263199999999999,2.2632,0,1,69
4,4,1,34.51,35.0,1,5.311999999999999,1.3119999999999998,0,1,70
4,4,1,35.01,35.5,1,5.3608,3.3608000000000002,0,1,71
4,4,1,35.51,36.0,1,5.4096,1.4096000000000002,0,1,72
4,4,1,36.01,36.5,1,5.4584,2.4584,0,1,73
4,4,1,36.51,37.0,1,5.5072,1.5072,0,1,74
4,4,1,37.01,37.5,1,5.556,2.556,0,1,75
4,4,1,37.51,38.0,1,5.6048,3.6048,0,1,76
4,4,1,38.01,38.5,1,5.6536,1.6536,0,1,77
4,4,1,38.51,39.0,1,5.7024,2.7024,0,1,78
4,4,1,39.01,39.5,1,5.7512,2.7512,0,1,79
4,4,1,39.51,40.0,1,5.8,3.8,0,1,80
4,4,1,40.01,40.5,1,5.848800000000001,3.8488000000000007,0,1,81
4,4,1,40.51,41.0,1,5.897600000000001,1.8976000000000006,0,1,82
4,4,1,41.01,41.5,1,5.946400000000001,1.9464000000000006,0,1,83
4,4,1,41.51,42.0,1,5.9952000000000005,1.9952000000000005,0,1,84
4,4,1,42.01,42.5,1,7.0440000000000005,4.0440000000000005,0,1,85
4,4,1,42.51,43.0,1,7.0928,2.0928000000000004,0,1,86
4,4,1,43.01,43.5,1,7.1416,3.1416000000000004,0,1,87
4,4,1,43.51,44.0,1,7.1904,4.1904,0,1,88
4,4,1,44.01,44.5,1,7.2392,4.2392,0,1,89
4,4,1,44.51,45.0,1,7.288,2.2880000000000003,0,1,90
4,4,1,45.01,45.5,1,7.3276,3.3276000000000003,0,1,91
4,4,1,45.51,46.0,1,7.3672,3.3672000000000004,0,1,92
4,4,1,46.01,46.5,1,7.4068000000000005,4.4068000000000005,0,1,93
4,4,1,46.51,47.0,1,7.446400000000001,3.4464000000000006,0,1,94
4,4,1,47.01,47.5,1,7.486000000000001,4.486000000000001,0,1,95
4,4,1,47.51,48.0,1,7.5256,4.5256,0,1,96
4,4,1,48.01,48.5,1,7.565200000000001,2.5652000000000004,0,1,97
4,4,1,48.51,49.0,1,7.6048,3.6048,0,1,98
4,4,1,49.01,49.5,1,7.644400000000001,2.6444000000000005,0,1,99
4,4,1,49.51,50.0,1,7.684,4.684,0,1,100
4,4,1,50.01,50.5,1,7.7236,4.7236,0,1,101
4,4,1,50.51,51.0,1,7.7632,3.7632000000000003,0,1,102
4,4,1,51.01,51.5,1,7.8028,4.8028,0,1,103
4,4,1,51.51,52.0,1,7.8424,4.8424,0,1,104
4,4,1,52.01,52.5,1,7.882000000000001,4.882000000000001,0,1,105
4,4,1,52.51,53.0,1,7.9216,2.9216,0,1,106
4,4,1,53.01,53.5,1,7.9612,4.9612,0,1,107
4,4,1,53.51,54.0,1,9.000800000000002,5.000800000000001,0,1,108
4,4,1,54.01,54.5,1,9.0404,3.0404,0,1,109
4,4,1,54.51,55.0,1,9.08,6.08,0,1,110
4,4,1,55.01,55.5,1,9.1196,5.1196,0,1,111
4,4,1,55.51,56.0,1,9.1592,2.1592000000000002,0,1,112
4,4,1,56.01,56.5,1,9.1988,6.1988,0,1,113
4,4,1,56.51,57.0,1,9.2384,6.2384,0,1,114
4,4,1,57.01,57.5,1,9.278,6.2780000000000005,0,1,115
4,4,1,57.51,58.0,1,9.3176,3.3176000000000005,0,1,116
4,4,1,58.01,58.5,1,9.3572,4.357200000000001,0,1,117
4,4,1,58.51,59.0,1,9.396799999999999,5.3968,0,1,118
4,4,1,59.01,59.5,1,9.4364,5.436400000000001,0,1,119
4,4,1,59.51,60.0,1,9.475999999999999,5.476,0,1,120
4,4,1,60.01,60.5,1,9.5156,6.5156,0,1,121
4,4,1,60.51,61.0,1,9.5552,6.5552,0,1,122
4,4,1,61.01,61.5,1,9.5948,6.5948,0,1,123
4,4,1,61.51,62.0,1,9.6344,5.6344,0,1,124
4,4,1,62.01,62.5,1,9.674,5.674,0,1,125
4,4,1,62.51,63.0,1,9.7136,4.7136000000000005,0,1,126
4,4,1,63.01,63.5,1,9.7532,3.7532000000000005,0,1,127
4,4,1,63.51,64.0,1,9.7928,4.792800000000001,0,1,128
4,4,1,64.01,64.5,1,9.8324,2.8324,0,1,129
4,4,1,64.51,65.0,1,9.872,3.8720000000000008,0,1,130
4,4,1,65.01,65.5,1,9.9116,5.9116,0,1,131
4,4,1,65.51,66.0,1,9.9512,2.9512,0,1,132
4,4,1,66.01,66.5,1,9.9908,2.9908,0,1,133
4,4,1,66.51,67.0,1,11.0304,4.0304,0,1,134
4,4,1,67.01,67.5,1,11.07,6.07,0,1,135
4,4,1,67.51,68.0,1,11.1096,6.1096,0,1,136
4,4,1,68.01,68.5,1,11.1492,7.1492,0,1,137
4,4,1,68.51,69.0,1,11.1888,5.1888,0,1,138
4,4,1,69.01,69.5,1,11.2284,7.228400000000001,0,1,139
4,4,1,69.51,70.0,1,11.268,4.268000000000001,0,1,140
4,4,1,70.01,70.5,1,11.3076,6.3076,0,1,141
4,4,1,70.51,71.0,1,11.3472,4.3472,0,1,142
4,4,1,71.01,71.5,1,11.386800000000001,3.386800000000001,0,1,143
4,4,1,71.51,72.0,1,11.426400000000001,4.4264,0,1,144
4,4,1,72.01,72.5,1,11.466000000000001,4.466,0,1,145
4,4,1,72.51,73.0,1,11.505600000000001,7.5056,0,1,146
4,4,1,73.01,73.5,1,11.5452,4.5451999999999995,0,1,147
4,4,1,73.51,74.0,1,11.584800000000001,6.5848,0,1,148
4,4,1,74.01,74.5,1,11.624400000000001,7.6244000000000005,0,1,149
4,4,1,74.51,75.0,1,11.664,7.664,0,1,150
4,4,1,75.01,99999.99,1,11.7048,0.1024,0,1,151
2,4,1,0.01,0.5,1,1.202,0.20199999999999999,0,1,21
2,4,1,0.51,1.0,1,1.2604,0.26039999999999996,0,1,22
2,4,1,1.01,1.5,1,1.3192,0.3192,0,1,23
2,4,1,1.51,2.0,1,1.3804,0.3804,0,1,24
2,4,1,2.01,2.5,1,1.4416,0.4416,0,1,25
2,4,1,70.51,99.99,1,9.0884,0.08439999999999999,0,1,26
2,4,1,100.0,299.99,1,11.6272,0.0832,0,1,27
2,4,1,300.0,499.99,1,33.227199999999996,0.08120000000000001,0,1,28
2,4,1,500.0,999.99,1,53.4272,0.08,0,1,29
2,4,1,1000.0,9999.99,1,101.8272,0.07800000000000001,0,1,30
2,4,1,0.01,0.5,1,1.4264000000000001,0.4264,0,1,31
2,4,1,0.51,1.0,1,1.4396,0.4396,0,1,32
2,4,1,1.01,1.5,1,1.4824,0.4824,0,1,33
2,4,1,1.51,2.0,1,1.5252,0.5252,0,1,34
2,4,1,2.01,2.5,1,1.568,0.568,0,1,35
2,4,1,70.51,99.99,1,7.804400000000001,0.08040000000000001,0,1,36
2,4,1,100.0,299.99,1,11.2272,0.07919999999999999,0,1,37
2,4,1,300.0,499.99,1,31.267200000000003,0.07800000000000001,0,1,38
2,4,1,500.0,999.99,1,49.4272,0.076,0,1,39
2,4,1,1000.0,9999.99,1,95.22720000000001,0.0744,0,1,40
2,2,1,300.0,499.99,1,33.467200000000005,0.08200000000000002,0,1,1
2,2,1,500.0,999.99,1,55.4272,0.08200000000000002,0,1,2
2,2,1,1000.0,9999.99,1,109.8272,0.08200000000000002,0,1,3
2,2,1,300.0,499.99,1,35.6672,0.086,0,1,4
2,2,1,500.0,999.99,1,59.4272,0.086,0,1,5
2,2,1,1000.0,9999.99,1,117.8272,0.086,0,1,6
2,2,1,100.0,299.99,1,11.987200000000001,0.0868,0,1,7
2,2,1,70.51,99.99,1,9.4292,0.0892,0,1,8
2,2,1,100.0,299.99,1,13.3872,0.0908,0,1,9
2,2,1,70.51,99.99,1,9.7416,0.09359999999999999,0,1,10
2,2,1,0.01,0.5,1,1.43,0.43,0,1,11
2,2,1,0.51,1.0,1,1.43,0.43,0,1,12
2,2,1,0.01,0.5,1,1.4512,0.4512,0,1,13
2,2,1,0.51,1.0,1,1.4512,0.4512,0,1,14
2,2,1,1.01,1.5,1,1.4512,0.4512,0,1,15
2,2,1,1.51,2.0,1,1.4512,0.4512,0,1,16
2,2,1,2.01,2.5,1,1.4512,0.4512,0,1,17
2,2,1,1.01,1.5,1,1.5219999999999998,0.5219999999999999,0,1,18
2,2,1,1.51,2.0,1,1.6139999999999999,0.614,0,1,19
2,2,1,2.01,2.5,1,1.7064,0.7064,0,1,20
4,2,1,75.01,99999.99,1,11.2216,0.096,0,1,1
4,2,1,0.0,0.5,1,1.4356,0.43560000000000004,0,1,2
4,2,1,0.51,1.0,1,1.4768,0.4768,0,1,3
4,2,1,1.01,1.5,1,1.5148,0.5147999999999999,0,1,4
4,2,1,1.51,2.0,1,1.5516,0.5516,0,1,5
4,2,1,2.01,2.5,1,1.5859999999999999,0.586,0,1,6
4,2,1,2.51,3.0,1,1.6204,0.6204,0,1,7
4,2,1,3.01,3.5,1,1.654,0.654,0,1,8
4,2,1,3.51,4.0,1,1.6884000000000001,0.6884,0,1,9
4,2,1,4.01,4.5,1,1.7227999999999999,0.7228,0,1,10
4,2,1,4.51,5.0,1,1.7568,0.7567999999999999,0,1,11
4,2,1,5.01,5.5,1,1.7872,0.7872,0,1,12
4,2,1,5.51,6.0,1,1.8176,0.8176000000000001,0,1,13
4,2,1,6.01,6.5,1,1.8479999999999999,0.848,0,1,14
4,2,1,6.51,7.0,1,1.8784,0.8784000000000001,0,1,15
4,2,1,7.01,7.5,1,1.9087999999999998,0.9087999999999999,0,1,16
4,2,1,7.51,8.0,1,1.9392,0.9392,0,1,17
4,2,1,8.01,8.5,1,1.9695999999999998,0.9695999999999999,0,1,18
4,2,1,8.51,9.0,1,2.0,1.0,0,1,19
4,2,1,25.51,26.0,1,5.0168,1.0168,0,1,20
4,2,1,9.01,9.5,1,3.0304,1.0304,0,1,21
4,2,1,9.51,10.0,1,3.0608,1.0608,0,1,22
4,2,1,10.01,10.5,1,3.0904,1.0903999999999998,0,1,23
4,2,1,10.51,11.0,1,3.12,1.12,0,1,24
4,2,1,27.51,28.0,1,5.1368,2.1368,0,1,25
4,2,1,11.01,11.5,1,3.1496,1.1496,0,1,26
4,2,1,11.51,12.0,1,3.1792,1.1792,0,1,27
4,2,1,28.51,29.0,1,5.1968,3.1968,0,1,28
4,2,1,12.01,12.5,1,3.2088,1.2087999999999999,0,1,29
4,2,1,12.51,13.0,1,3.2384,1.2384,0,1,30
4,2,1,13.01,13.5,1,3.268,1.268,0,1,31
4,2,1,30.01,30.5,1,5.2867999999999995,3.2868,0,1,32
4,2,1,13.51,14.0,1,3.2976,1.2976,0,1,33
4,2,1,30.51,31.0,1,5.316800000000001,1.3168000000000002,0,1,34
4,2,1,14.01,14.5,1,3.3272,1.3272,0,1,35
4,2,1,31.01,31.5,1,5.3468,1.3468,0,1,36
4,2,1,14.51,15.0,1,3.3568,1.3568,0,1,37
4,2,1,15.01,15.5,1,3.3868,1.3868,0,1,38
4,2,1,15.51,16.0,1,3.4168000000000003,1.4168,0,1,39
4,2,1,32.51,33.0,1,5.4368,1.4367999999999999,0,1,40
4,2,1,16.01,16.5,1,3.4468,1.4468,0,1,41
4,2,1,33.01,33.5,1,5.4668,3.4668,0,1,42
4,2,1,16.51,17.0,1,3.4768,1.4768000000000001,0,1,43
4,2,1,17.01,17.5,1,3.5068,1.5068000000000001,0,1,44
4,2,1,17.51,18.0,1,3.5368000000000004,1.5368000000000002,0,1,45
4,2,1,34.51,35.0,1,5.5568,3.5568,0,1,46
4,2,1,18.01,18.5,1,3.5667999999999997,1.5668,0,1,47
4,2,1,18.51,19.0,1,3.5968,1.5968,0,1,48
4,2,1,35.51,36.0,1,5.6168,2.6168,0,1,49
4,2,1,19.01,19.5,1,3.6268000000000002,1.6268,0,1,50
4,2,1,19.51,20.0,1,3.6568,1.6568,0,1,51
4,2,1,36.51,37.0,1,5.6768,1.6768,0,1,52
4,2,1,20.01,20.5,1,3.6868,1.6868,0,1,53
4,2,1,20.51,21.0,1,3.7168,1.7168,0,1,54
4,2,1,37.51,38.0,1,5.736800000000001,3.7368,0,1,55
4,2,1,21.01,21.5,1,3.7468000000000004,1.7468000000000001,0,1,56
4,2,1,21.51,22.0,1,3.7768,1.7768000000000002,0,1,57
4,2,1,22.01,22.5,1,3.8068,1.8068,0,1,58
4,2,1,22.51,23.0,1,3.8368,1.8368,0,1,59
4,2,1,23.01,23.5,1,3.8668,1.8668,0,1,60
4,2,1,23.51,24.0,1,3.8968,1.8968,0,1,61
4,2,1,24.01,24.5,1,3.9268,1.9268,0,1,62
4,2,1,24.51,25.0,1,3.9568000000000003,1.9568,0,1,63
4,2,1,41.51,42.0,1,5.9768,1.9768,0,1,64
4,2,1,25.01,25.5,1,3.9868,1.9868000000000001,0,1,65
4,2,1,43.51,44.0,1,7.0968,2.0968,0,1,66
4,2,1,27.01,27.5,1,5.1068,3.1068000000000002,0,1,67
4,2,1,59.51,60.0,1,9.1768,5.1768,0,1,68
4,2,1,29.01,29.5,1,5.2268,3.2268,0,1,69
4,2,1,31.51,32.0,1,5.3768,2.3768000000000002,0,1,70
4,2,1,48.01,48.5,1,7.3948,2.3948,0,1,71
4,2,1,32.01,32.5,1,5.4068000000000005,1.4068,0,1,72
4,2,1,33.51,34.0,1,5.4968,2.4968,0,1,73
4,2,1,64.51,65.0,1,9.5168,2.5168,0,1,74
4,2,1,35.01,35.5,1,5.5868,3.5868,0,1,75
4,2,1,51.01,51.5,1,7.598800000000001,3.5988000000000007,0,1,76
4,2,1,66.01,66.5,1,9.6188,2.6188000000000002,0,1,77
4,2,1,36.01,36.5,1,5.646800000000001,3.6468000000000003,0,1,78
4,2,1,52.01,52.5,1,7.6668,2.6668000000000003,0,1,79
4,2,1,37.01,37.5,1,5.706799999999999,2.7068,0,1,80
4,2,1,38.01,38.5,1,5.7668,1.7668,0,1,81
4,2,1,38.51,39.0,1,5.7968,1.7968000000000002,0,1,82
4,2,1,39.01,39.5,1,5.8268,3.8268,0,1,83
4,2,1,40.01,40.5,1,5.8868,2.8868,0,1,84
4,2,1,70.01,70.5,1,9.8908,4.8908000000000005,0,1,85
4,2,1,71.01,71.5,1,9.9588,5.9588,0,1,86
4,2,1,42.01,42.5,1,7.0068,3.0068,0,1,87
4,2,1,42.51,43.0,1,7.0367999999999995,3.0368,0,1,88
4,2,1,57.51,58.0,1,9.0408,3.040800000000001,0,1,89
4,2,1,26.01,26.5,1,5.0468,3.0468,0,1,90
4,2,1,26.51,27.0,1,5.0768,3.0768,0,1,91
4,2,1,59.01,59.5,1,9.142800000000001,6.1428,0,1,92
4,2,1,44.51,45.0,1,7.1568000000000005,4.1568000000000005,0,1,93
4,2,1,28.01,28.5,1,5.1668,2.1668000000000003,0,1,94
4,2,1,29.51,30.0,1,5.2568,2.2568,0,1,95
4,2,1,61.01,61.5,1,9.2788,6.2788,0,1,96
4,2,1,46.51,47.0,1,7.2928,3.2928,0,1,97
4,2,1,61.51,62.0,1,9.3128,4.3128,0,1,98
4,2,1,47.01,47.5,1,7.3268,4.3268,0,1,99
4,2,1,47.51,48.0,1,7.3608,2.3608000000000002,0,1,100
4,2,1,49.01,49.5,1,7.4628,3.4628,0,1,101
4,2,1,34.01,34.5,1,5.5268,1.5268000000000002,0,1,102
4,2,1,50.01,50.5,1,7.530800000000001,2.5308000000000006,0,1,103
4,2,1,51.51,52.0,1,7.6328000000000005,4.6328000000000005,0,1,104
4,2,1,53.51,54.0,1,7.768800000000001,3.7688000000000006,0,1,105
4,2,1,68.51,69.0,1,9.7888,2.7888,0,1,106
4,2,1,54.01,54.5,1,7.8028,4.8028,0,1,107
4,2,1,69.01,69.5,1,9.8228,5.8228,0,1,108
4,2,1,39.51,40.0,1,5.8568,2.8568000000000002,0,1,109
4,2,1,55.01,55.5,1,7.870800000000001,3.8708000000000005,0,1,110
4,2,1,55.51,56.0,1,7.9048,2.9048000000000003,0,1,111
4,2,1,40.51,41.0,1,5.9168,1.9168000000000003,0,1,112
4,2,1,56.01,56.5,1,7.9388000000000005,3.9388000000000005,0,1,113
4,2,1,41.01,41.5,1,5.9468,2.9468,0,1,114
4,2,1,56.51,57.0,1,7.9728,4.9728,0,1,115
4,2,1,71.51,72.0,1,9.992799999999999,2.9928,0,1,116
4,2,1,57.01,57.5,1,9.0068,5.0068,0,1,117
4,2,1,72.01,72.5,1,11.0268,6.0268,0,1,118
4,2,1,72.51,73.0,1,11.0608,7.0608,0,1,119
4,2,1,43.01,43.5,1,7.066800000000001,3.0668,0,1,120
4,2,1,44.01,44.5,1,7.1268,4.1268,0,1,121
4,2,1,74.01,74.5,1,11.1628,6.1628,0,1,122
4,2,1,45.01,45.5,1,7.1908,4.1908,0,1,123
4,2,1,60.01,60.5,1,9.2108,6.210800000000001,0,1,124
4,2,1,45.51,46.0,1,7.2248,4.2248,0,1,125
4,2,1,60.51,61.0,1,9.244800000000001,4.244800000000001,0,1,126
4,2,1,46.01,46.5,1,7.258800000000001,3.2588000000000004,0,1,127
4,2,1,62.51,63.0,1,9.3808,5.380800000000001,0,1,128
4,2,1,48.51,49.0,1,7.428800000000001,2.4288000000000007,0,1,129
4,2,1,64.01,64.5,1,9.482800000000001,4.4828,0,1,130
4,2,1,49.51,50.0,1,7.4968,3.4968,0,1,131
4,2,1,65.01,65.5,1,9.5508,5.550800000000001,0,1,132
4,2,1,50.51,51.0,1,7.5648,3.5648,0,1,133
4,2,1,65.51,66.0,1,9.584800000000001,3.5848000000000004,0,1,134
4,2,1,52.51,53.0,1,7.700800000000001,4.700800000000001,0,1,135
4,2,1,53.01,53.5,1,7.7348,2.7348000000000003,0,1,136
4,2,1,54.51,55.0,1,7.8368,2.8368,0,1,137
4,2,1,63.01,63.5,1,9.4148,3.4148000000000005,0,1,138
4,2,1,63.51,64.0,1,9.4488,6.4488,0,1,139
4,2,1,66.51,67.0,1,9.6528,3.6528,0,1,140
4,2,1,67.01,67.5,1,9.6868,3.6868,0,1,141
4,2,1,67.51,68.0,1,9.7208,3.7208000000000006,0,1,142
4,2,1,68.01,68.5,1,9.7548,4.7548,0,1,143
4,2,1,70.51,71.0,1,9.924800000000001,2.9248000000000003,0,1,144
4,2,1,58.01,58.5,1,9.0748,2.0747999999999998,0,1,145
4,2,1,58.51,59.0,1,9.1088,3.1088000000000005,0,1,146
4,2,1,73.51,74.0,1,11.1288,4.1288,0,1,147
4,2,1,62.01,62.5,1,9.3468,4.3468,0,1,148
4,2,1,69.51,70.0,1,9.8568,6.8568,0,1,149
4,2,1,73.01,73.5,1,11.0948,4.0948,0,1,150
4,2,1,74.51,75.0,1,11.1968,3.1968000000000005,0,1,151
2,5,1,0.01,0.5,1,1.73996,0.73996,0,1,25
2,5,1,0.51,1.0,1,1.827304,0.827304,0,1,26
2,5,1,1.01,1.5,1,1.901464,0.901464,0,1,27
2,5,1,1.51,2.0,1,1.980156,0.9801559999999999,0,1,28
2,5,1,2.01,2.5,1,3.056376,1.056376,0,1,29
2,5,1,20.51,44.99,1,7.0813559999999995,0.172636,0,1,30
2,5,1,45.0,70.99,1,11.589200000000002,0.1508,0,1,31
2,5,1,71.0,99.99,1,17.130004,0.141324,0,1,32
2,5,1,100.0,299.99,1,21.5744,0.132672,0,1,33
2,5,1,300.0,499.99,1,63.6688,0.132672,0,1,34
2,5,1,500.0,999.99,1,105.76320000000001,0.132672,0,1,35
2,5,1,1000.0,9999.99,1,211.4992,0.132672,0,1,36
2,5,1,0.01,0.5,1,1.734604,0.7346039999999999,0,1,37
2,5,1,0.51,1.0,1,1.823184,0.8231839999999999,0,1,38
2,5,1,1.01,1.5,1,1.911764,0.911764,0,1,39
2,5,1,1.51,2.0,1,3.000344,1.0003440000000001,0,1,40
2,5,1,2.01,2.5,1,3.088924,1.088924,0,1,41
2,5,1,20.51,44.99,1,5.8304480000000005,0.160688,0,1,42
2,5,1,45.0,70.99,1,11.14424,0.140912,0,1,43
2,5,1,71.0,99.99,1,15.486460000000001,0.13226000000000002,0,1,44
2,5,1,100.0,299.99,1,19.709200000000003,0.12402,0,1,45
2,5,1,300.0,499.99,1,59.0732,0.12402,0,1,46
2,5,1,500.0,999.99,1,97.4372,0.12402,0,1,47
2,5,1,1000.0,9999.99,1,193.8472,0.12402,0,1,48
4,5,1,0.0,0.5,1,1.5584,0.5584,0,1,1
4,5,1,0.51,1.0,1,1.6288,0.6287999999999999,0,1,2
4,5,1,1.01,1.5,1,1.6987999999999999,0.6988,0,1,3
4,5,1,1.51,2.0,1,1.7692,0.7692,0,1,4
4,5,1,2.01,2.5,1,1.8392,0.8392000000000001,0,1,5
4,5,1,2.51,3.0,1,1.9092,0.9092,0,1,6
4,5,1,3.01,3.5,1,1.9796,0.9795999999999999,0,1,7
4,5,1,3.51,4.0,1,3.0496,1.0495999999999999,0,1,8
4,5,1,4.01,4.5,1,3.1196,1.1196,0,1,9
4,5,1,4.51,5.0,1,3.1896,1.1896,0,1,10
4,5,1,5.01,5.5,1,3.2116,1.2116,0,1,11
4,5,1,5.51,6.0,1,3.2336,1.2336,0,1,12
4,5,1,6.01,6.5,1,3.2556000000000003,1.2556,0,1,13
4,5,1,6.51,7.0,1,3.2776,1.2776,0,1,14
4,5,1,7.01,7.5,1,3.2996,1.2996,0,1,15
4,5,1,7.51,8.0,1,3.3216,1.3215999999999999,0,1,16
4,5,1,8.01,8.5,1,3.3436,1.3436,0,1,17
4,5,1,8.51,9.0,1,3.3655999999999997,1.3656,0,1,18
4,5,1,9.01,9.5,1,3.3876,1.3876,0,1,19
4,5,1,9.51,10.0,1,3.4096,1.4096000000000002,0,1,20
4,5,1,10.01,10.5,1,3.4192,1.4191999999999998,0,1,21
4,5,1,10.51,11.0,1,3.4288,1.4287999999999998,0,1,22
4,5,1,11.01,11.5,1,3.4384,1.4384000000000001,0,1,23
4,5,1,11.51,12.0,1,3.4480000000000004,1.4480000000000002,0,1,24
4,5,1,12.01,12.5,1,3.4576000000000002,1.4576,0,1,25
4,5,1,12.51,13.0,1,3.4672,1.4672,0,1,26
4,5,1,13.01,13.5,1,3.4768,1.4768000000000001,0,1,27
4,5,1,13.51,14.0,1,3.4863999999999997,1.4864,0,1,28
4,5,1,14.01,14.5,1,3.496,1.496,0,1,29
4,5,1,14.51,15.0,1,3.5056000000000003,1.5056,0,1,30
4,5,1,15.01,15.5,1,3.5256,1.5256,0,1,31
4,5,1,15.51,16.0,1,3.5456000000000003,1.5456,0,1,32
4,5,1,16.01,16.5,1,3.5656,1.5656,0,1,33
4,5,1,16.51,17.0,1,3.5856000000000003,1.5856000000000001,0,1,34
4,5,1,17.01,17.5,1,3.6056,1.6056,0,1,35
4,5,1,17.51,18.0,1,3.6256,1.6256,0,1,36
4,5,1,18.01,18.5,1,3.6456,1.6456,0,1,37
4,5,1,18.51,19.0,1,3.6656,1.6656,0,1,38
4,5,1,19.01,19.5,1,3.6856,1.6856,0,1,39
4,5,1,19.51,20.0,1,3.7056,1.7056,0,1,40
4,5,1,20.01,20.5,1,3.7256,1.7256,0,1,41
4,5,1,20.51,21.0,1,3.7456,1.7456,0,1,42
4,5,1,21.01,21.5,1,3.7656,1.7656,0,1,43
4,5,1,21.51,22.0,1,3.7856,1.7856,0,1,44
4,5,1,22.01,22.5,1,3.8056,1.8056,0,1,45
4,5,1,22.51,23.0,1,3.8256,1.8256000000000001,0,1,46
4,5,1,23.01,23.5,1,3.8456,1.8456000000000001,0,1,47
4,5,1,23.51,24.0,1,3.8655999999999997,1.8656,0,1,48
4,5,1,24.01,24.5,1,3.8856,1.8856,0,1,49
4,5,1,24.51,25.0,1,3.9055999999999997,1.9056,0,1,50
4,5,1,25.01,25.5,1,3.976,1.976,0,1,51
4,5,1,25.51,26.0,1,5.0464,2.0463999999999998,0,1,52
4,5,1,26.01,26.5,1,5.1168,2.1168,0,1,53
4,5,1,26.51,27.0,1,5.1872,2.1872,0,1,54
4,5,1,27.01,27.5,1,5.2576,3.2576,0,1,55
4,5,1,27.51,28.0,1,5.328,2.3280000000000003,0,1,56
4,5,1,28.01,28.5,1,5.3984000000000005,1.3984,0,1,57
4,5,1,28.51,29.0,1,5.4688,3.4688,0,1,58
4,5,1,29.01,29.5,1,5.539199999999999,1.5391999999999997,0,1,59
4,5,1,29.51,30.0,1,5.6096,3.6096000000000004,0,1,60
4,5,1,30.01,30.5,1,5.68,2.68,0,1,61
4,5,1,30.51,31.0,1,5.750400000000001,1.7504000000000004,0,1,62
4,5,1,31.01,31.5,1,5.8208,3.8208,0,1,63
4,5,1,31.51,32.0,1,5.8911999999999995,2.8912,0,1,64
4,5,1,32.01,32.5,1,5.961600000000001,3.9616000000000002,0,1,65
4,5,1,32.51,33.0,1,7.032,2.0320000000000005,0,1,66
4,5,1,33.01,33.5,1,7.1024,2.1024000000000003,0,1,67
4,5,1,33.51,34.0,1,7.1728000000000005,3.1728000000000005,0,1,68
4,5,1,34.01,34.5,1,7.2432,2.2432000000000003,0,1,69
4,5,1,34.51,35.0,1,7.3136,2.3136,0,1,70
4,5,1,35.01,35.5,1,7.384,3.3840000000000003,0,1,71
4,5,1,35.51,36.0,1,7.454400000000001,4.454400000000001,0,1,72
4,5,1,36.01,36.5,1,7.524800000000001,2.5248000000000004,0,1,73
4,5,1,36.51,37.0,1,7.5952,4.5952,0,1,74
4,5,1,37.01,37.5,1,7.6655999999999995,3.6656,0,1,75
4,5,1,37.51,38.0,1,7.736000000000001,2.736,0,1,76
4,5,1,38.01,38.5,1,7.8064,4.8064,0,1,77
4,5,1,38.51,39.0,1,7.8768,3.8768000000000002,0,1,78
4,5,1,39.01,39.5,1,7.9472000000000005,2.9472000000000005,0,1,79
4,5,1,39.51,40.0,1,9.017600000000002,5.017600000000001,0,1,80
4,5,1,40.01,40.5,1,9.088000000000001,6.088,0,1,81
4,5,1,40.51,41.0,1,9.1584,6.1584,0,1,82
4,5,1,41.01,41.5,1,9.2288,6.228800000000001,0,1,83
4,5,1,41.51,42.0,1,9.299199999999999,6.2992,0,1,84
4,5,1,42.01,42.5,1,9.3696,4.3696,0,1,85
4,5,1,42.51,43.0,1,9.440000000000001,5.44,0,1,86
4,5,1,43.01,43.5,1,9.5104,3.5104000000000006,0,1,87
4,5,1,43.51,44.0,1,9.5808,6.5808,0,1,88
4,5,1,44.01,44.5,1,9.6512,5.6512,0,1,89
4,5,1,44.51,45.0,1,9.7216,3.7216000000000005,0,1,90
4,5,1,45.01,45.5,1,9.778400000000001,3.7784000000000004,0,1,91
4,5,1,45.51,46.0,1,9.8352,2.8352000000000004,0,1,92
4,5,1,46.01,46.5,1,9.892,5.892,0,1,93
4,5,1,46.51,47.0,1,9.9488,3.9488000000000003,0,1,94
4,5,1,47.01,47.5,1,11.005600000000001,6.0056,0,1,95
4,5,1,47.51,48.0,1,11.0624,3.0624000000000002,0,1,96
4,5,1,48.01,48.5,1,11.1192,3.1192,0,1,97
4,5,1,48.51,49.0,1,11.176,4.176,0,1,98
4,5,1,49.01,49.5,1,11.232800000000001,3.2328,0,1,99
4,5,1,49.51,50.0,1,11.2896,4.2896,0,1,100
4,5,1,50.01,50.5,1,11.3464,6.3464,0,1,101
4,5,1,50.51,51.0,1,11.403200000000002,5.403200000000001,0,1,102
4,5,1,51.01,51.5,1,11.46,6.46,0,1,103
4,5,1,51.51,52.0,1,11.5168,6.516800000000001,0,1,104
4,5,1,52.01,52.5,1,11.573599999999999,3.5736,0,1,105
4,5,1,52.51,53.0,1,11.630400000000002,7.630400000000001,0,1,106
4,5,1,53.01,53.5,1,11.6872,4.687200000000001,0,1,107
4,5,1,53.51,54.0,1,11.744,7.744,0,1,108
4,5,1,54.01,54.5,1,11.8008,3.8008000000000006,0,1,109
4,5,1,54.51,55.0,1,11.8576,3.8575999999999997,0,1,110
4,5,1,55.01,55.5,1,11.9144,3.9144000000000005,0,1,111
4,5,1,55.51,56.0,1,11.9712,6.9712,0,1,112
4,5,1,56.01,56.5,1,13.028,5.0280000000000005,0,1,113
4,5,1,56.51,57.0,1,13.084800000000001,8.084800000000001,0,1,114
4,5,1,57.01,57.5,1,13.1416,6.1416,0,1,115
4,5,1,57.51,58.0,1,13.1984,8.1984,0,1,116
4,5,1,58.01,58.5,1,13.255199999999999,8.255199999999999,0,1,117
4,5,1,58.51,59.0,1,13.312000000000001,3.3120000000000003,0,1,118
4,5,1,59.01,59.5,1,13.3688,3.3688000000000002,0,1,119
4,5,1,59.51,60.0,1,13.4256,5.4256,0,1,120
4,5,1,60.01,60.5,1,13.4824,3.4824,0,1,121
4,5,1,60.51,61.0,1,13.539200000000001,3.539200000000001,0,1,122
4,5,1,61.01,61.5,1,13.596,7.596,0,1,123
4,5,1,61.51,62.0,1,13.6528,8.6528,0,1,124
4,5,1,62.01,62.5,1,13.7096,8.7096,0,1,125
4,5,1,62.51,63.0,1,13.7664,6.7664,0,1,126
4,5,1,63.01,63.5,1,13.8232,4.823200000000001,0,1,127
4,5,1,63.51,64.0,1,13.879999999999999,7.88,0,1,128
4,5,1,64.01,64.5,1,13.936800000000002,5.936800000000001,0,1,129
4,5,1,64.51,65.0,1,13.9936,9.9936,0,1,130
4,5,1,65.01,65.5,1,15.0504,6.050400000000001,0,1,131
4,5,1,65.51,66.0,1,15.1072,7.107200000000001,0,1,132
4,5,1,66.01,66.5,1,15.164,9.164,0,1,133
4,5,1,66.51,67.0,1,15.2208,10.2208,0,1,134
4,5,1,67.01,67.5,1,15.2776,10.2776,0,1,135
4,5,1,67.51,68.0,1,15.3344,4.3344000000000005,0,1,136
4,5,1,68.01,68.5,1,15.391200000000001,6.3912,0,1,137
4,5,1,68.51,69.0,1,15.448,10.448,0,1,138
4,5,1,69.01,69.5,1,15.5048,9.5048,0,1,139
4,5,1,69.51,70.0,1,15.561600000000002,10.561600000000002,0,1,140
4,5,1,70.01,70.5,1,15.618400000000001,8.618400000000001,0,1,141
4,5,1,70.51,71.0,1,15.6752,4.6752,0,1,142
4,5,1,71.01,71.5,1,15.732,6.732,0,1,143
4,5,1,71.51,72.0,1,15.7888,4.7888,0,1,144
4,5,1,72.01,72.5,1,15.845600000000001,10.845600000000001,0,1,145
4,5,1,72.51,73.0,1,15.9024,9.9024,0,1,146
4,5,1,73.01,73.5,1,15.959200000000001,5.959200000000001,0,1,147
4,5,1,73.51,74.0,1,17.016,11.016,0,1,148
4,5,1,74.01,74.5,1,17.0728,12.072799999999999,0,1,149
4,5,1,74.51,75.0,1,17.1296,10.1296,0,1,150
4,5,1,75.01,99999.99,1,17.1812,0.13520000000000001,0,1,151
5,3,1,0.0,5000.0,1,25.4236,6.4236,1,1,1
5,3,1,0.0,5000.0,1,27.2024,15.2024,1,1,2
5,3,1,0.0,5000.0,1,25.4236,11.4236,1,1,3
5,3,1,0.0,5000.0,1,27.2024,10.2024,1,1,4
5,3,1,0.0,5000.0,1,27.2024,9.2024,1,1,5
5,3,1,0.0,5000.0,1,33.3172,16.3172,1,1,6
5,3,1,0.0,5000.0,1,27.2024,9.2024,1,1,7
5,3,1,0.0,5000.0,1,33.3172,20.3172,1,1,8
5,3,1,0.0,5000.0,1,33.3172,13.3172,1,1,9
5,3,1,0.0,5000.0,1,27.2024,18.2024,1,1,10
5,3,1,0.0,5000.0,1,27.2024,16.2024,1,1,11
5,3,1,0.0,5000.0,1,33.3172,17.3172,1,1,12
1,3,1,0.0,5000.0,1,27.2024,16.2024,1,1,1
1,3,1,0.0,5000.0,1,27.2024,9.2024,1,1,2
1,3,1,0.0,5000.0,1,25.4236,16.4236,1,1,3
1,3,1,0.0,5000.0,1,25.4236,15.4236,1,1,4
1,3,1,0.0,5000.0,1,27.2024,13.2024,1,1,5
1,3,1,0.0,5000.0,1,27.2024,13.2024,1,1,6
1,3,1,0.0,5000.0,1,33.3172,8.3172,1,1,7
1,3,1,0.0,5000.0,1,33.3172,17.3172,1,1,8
1,3,1,0.0,5000.0,1,33.3172,12.3172,1,1,9
1,3,1,0.0,5000.0,1,27.2024,7.202400000000001,1,1,10
1,3,1,0.0,5000.0,1,27.2024,13.2024,1,1,11
1,3,1,0.0,5000.0,1,33.3172,10.3172,1,1,12
5,9,1,0.0,5000.0,1,31.278399999999998,20.278399999999998,1,0,1
1,9,1,0.0,5000.0,1,31.278399999999998,12.2784,1,0,1
8,9,1,500.0,1999.99,1,27.304000000000002,0.058800000000000005,0,0,16
8,9,1,0.0,99.99,1,27.304000000000002,0.058800000000000005,0,0,17
8,9,1,100.0,249.99,1,27.304000000000002,0.058800000000000005,0,0,18
8,9,1,250.0,499.99,1,27.304000000000002,0.058800000000000005,0,0,19
8,9,1,2000.0,99999.99,1,27.304000000000002,0.058800000000000005,0,0,20
1,9,1,0.0,5000.0,1,31.278399999999998,13.2784,1,0,1
8,11,1,100.0,249.99,1,27.7884,0.20279999999999998,0,0,16
8,11,1,2000.0,99999.99,1,27.7884,0.20279999999999998,0,0,17
8,11,1,250.0,499.99,1,27.7884,0.20279999999999998,0,0,18
8,11,1,0.0,99.99,1,27.7884,0.34480000000000005,0,0,19
8,11,1,500.0,1999.99,1,27.7884,0.20279999999999998,0,0,20
8,4,1,0.0,99.99,1,31.9612,0.1816,0,0,16
8,4,1,2000.0,99999.99,1,31.9612,0.1816,0,0,17
8,4,1,250.0,499.99,1,31.9612,0.1816,0,0,18
8,4,1,500.0,1999.99,1,31.9612,0.1816,0,0,19
8,4,1,100.0,249.99,1,31.9612,0.1816,0,0,20
8,2,1,500.0,1999.99,1,27.0384,0.124,0,0,16
8,2,1,2000.0,99999.99,1,27.0384,0.124,0,0,17
8,2,1,100.0,249.99,1,27.0384,0.124,0,0,18
8,2,1,250.0,499.99,1,27.0384,0.124,0,0,19
8,2,1,0.0,99.99,1,27.0384,0.124,0,0,20
8,3,1,0.0,99.99,1,29.339199999999998,0.41159999999999997,0,0,16
8,3,1,500.0,1999.99,1,29.339199999999998,0.3112,0,0,17
8,3,1,250.0,499.99,1,29.339199999999998,0.41159999999999997,0,0,18
8,3,1,2000.0,99999.99,1,29.339199999999998,0.3112,0,0,19
8,3,1,100.0,249.99,1,29.339199999999998,0.41159999999999997,0,0,20
