Order ID,Origin Port,Carrier,Service Level,Customer,Product ID,Plant Code,Destination Port,Unit quantity,Weight,Maximum delivery time
1755,4,1.0,1,21,1198,3,1,1287,5.828514362117512,7
1522,4,1.0,1,32,259,3,1,880,9.36,7
5532,4,1.0,1,15,920,3,1,1256,18.42,4
8228,4,1.0,1,35,235,3,1,363,0.3486715106058831,4
3840,4,2.0,1,2,394,3,1,1276,2.6416254469548304,4
5576,4,1.0,1,21,288,3,1,247,1.2101339210637339,4
8086,4,2.0,1,10,43,3,1,2469,32.5,3
4017,4,1.0,1,22,624,3,1,308,0.8512529407071675,9
2414,4,1.0,1,22,930,3,1,445,9.874048994129163,9
8723,4,2.0,1,26,635,3,1,630,6.165986367206998,3
728,4,1.0,1,34,568,3,1,356,4.295748739978287,7
3275,4,1.0,1,16,141,3,1,1229,2.96,4
2984,4,1.0,1,21,1459,3,1,410,2.3958092155191997,7
6912,4,1.0,1,40,429,3,1,362,0.4048113696365565,4
3267,4,1.0,1,16,236,3,1,326,0.11949646304364998,4
6936,4,2.0,1,26,597,3,1,1064,16.88,3
5077,4,1.0,1,34,151,3,1,25328,278.3337241526327,7
2586,4,1.0,1,34,256,3,1,434,2.066817006272985,7
5244,4,1.0,1,34,123,3,1,2438,16.26,7
469,4,1.0,1,16,123,3,1,396,0.7942773368383804,4
1115,4,1.0,1,27,50,3,1,474,1.2017683961916008,4
2229,4,2.0,1,38,1175,3,1,521,0.7037787799905876,6
3674,4,1.0,1,22,31,3,1,319,0.1319590058082608,9
8619,4,2.0,1,10,930,3,1,460,10.17196814465325,3
1092,4,1.0,1,35,83,3,1,1355,3.5412423944633766,4
1544,4,1.0,1,42,276,3,1,3325,1.9191395199392582,4
935,4,1.0,1,32,1263,3,1,1332,5.925780776693884,7
6895,4,1.0,1,32,42,3,1,1024,6.584615384615384,7
2921,4,1.0,1,8,880,3,1,380,4.567551104150948,4
6932,4,1.0,1,35,323,3,1,402,8.16,4
6137,4,,0,8,1403,3,1,4871,8.892328133604314,2
6424,4,1.0,1,8,878,3,1,351,4.521704643092323,4
5094,4,1.0,1,32,639,3,1,1136,4.077443734370658,7
4987,4,1.0,1,40,430,3,1,2059,5.48,4
518,4,1.0,1,16,443,3,1,2248,6.08,4
1155,4,1.0,1,34,191,3,1,300,0.13724904915507202,7
5025,4,1.0,1,40,879,3,1,274,3.2834746418512686,4
5994,4,2.0,1,4,928,3,1,408,7.662544164301477,3
1128,4,1.0,1,21,115,3,1,361,9.8,4
5042,4,1.0,1,8,880,3,1,313,4.567551104150948,4
6987,4,1.0,1,16,426,3,1,781,1.747520777574302,4
7905,4,1.0,1,32,328,3,1,326,1.7203438395415473,7
2541,4,1.0,1,22,1394,3,1,14682,27.84574280202225,9
5523,4,1.0,1,32,237,3,1,290,0.4823579036153176,7
4353,4,1.0,1,13,1484,3,1,50662,51.09005610759494,4
2730,4,1.0,1,32,1461,3,1,2277,62.98525580272438,7
3916,4,2.0,1,26,118,3,1,767,22.825475386244545,3
1072,4,1.0,1,35,233,3,1,624,7.676666666666666,4
3545,4,1.0,1,40,925,3,1,299,1.7154014959817945,4
3829,4,1.0,1,21,568,3,1,1776,128.87246219934863,4
5513,4,2.0,1,10,880,3,1,400,14.702653312452846,8
1863,4,2.0,1,10,924,3,1,287,0.29171300893743773,8
9052,4,1.0,1,34,214,3,1,496,18.7,7
350,4,2.0,1,23,398,12,1,245,3.9000000000000004,7
8680,4,2.0,1,26,1398,3,1,4099,16.667730117442506,3
4480,4,1.0,1,16,141,3,1,2736,6.6,4
8507,4,,0,34,1243,3,1,291,0.08838863435500775,7
966,4,1.0,1,16,123,3,1,671,3.1771093473535217,7
1353,4,1.0,1,34,908,3,1,447,4.14,7
6542,4,1.0,1,14,917,12,1,299,0.8355936248091864,4
729,4,1.0,1,16,1464,3,1,4794,185.18460900221083,4
5904,4,1.0,1,22,1406,3,1,5333,5.875703099512195,9
161,4,2.0,1,26,561,3,1,440,9.874049414172902,3
211,4,2.0,1,26,219,3,1,387,9.72,3
8878,4,1.0,1,29,929,3,1,336,3.8872586811494667,4
7897,4,1.0,1,40,880,3,1,347,1.6443183974943414,4
1926,4,1.0,1,36,377,3,1,450,1.8365649893141636,7
2655,4,1.0,1,32,89,3,1,334,2.740775169928939,7
6880,4,2.0,1,10,995,3,1,277,0.6924017705672101,8
895,4,1.0,1,35,154,3,1,3243,19.243815011456096,4
8623,4,1.0,1,45,1248,3,1,325,2.455060398273921,4
6798,4,2.0,1,10,704,3,1,5262,1.4044213761733328,3
1428,4,1.0,1,22,829,3,1,402,1.920166703353143,9
4488,4,2.0,1,25,600,3,1,248,0.13616513529833177,6
8441,4,1.0,1,35,154,3,1,1444,7.297526004582438,4
81,4,2.0,1,2,426,3,1,1262,3.718129313987877,4
6001,4,2.0,1,4,573,3,1,360,8.903225183661748,3
5358,4,,0,20,1457,3,1,1960,3.5321306322580646,5
3522,4,2.0,1,10,879,3,1,332,3.648305157612521,8
5600,4,1.0,1,34,829,3,1,279,0.918340597255851,7
8968,4,2.0,1,10,887,3,1,350,9.278430745644487,3
4818,4,2.0,1,28,825,12,1,490,41.6,4
7372,4,1.0,1,40,930,3,1,305,3.12815108050291,4
6577,4,1.0,1,15,920,3,1,2266,34.66,4
7981,4,2.0,1,10,930,3,1,1241,80.47978763102167,3
2424,4,1.0,1,22,553,3,1,298,0.5076809815950921,9
2365,4,1.0,1,22,487,3,1,275,0.6817083508421182,9
3613,4,2.0,1,2,426,3,1,6513,17.02,4
5258,4,1.0,1,32,1262,3,1,3309,15.879999999999999,7
455,4,1.0,1,34,843,3,1,477,3.658759424429373,7
7050,9,,0,37,1476,16,1,4302,66.6,6
6067,4,2.0,1,26,1083,3,1,924,4.380363928413702,3
8773,4,,0,8,1456,3,1,8695,15.365997005134446,2
1095,4,1.0,1,24,1104,3,1,361,0.4090734877481415,7
6502,4,1.0,1,16,395,3,1,6300,9.02,7
3542,4,1.0,1,40,878,3,1,267,1.0852091143421576,4
3947,4,2.0,1,10,873,3,1,286,4.975186724110227,3
2220,4,,0,34,328,3,1,314,0.43008595988538684,7
2462,4,2.0,1,25,1197,3,1,1288,8.87914842161734,6
5,4,1.0,1,35,632,3,1,71330,670.5889311442453,4
2926,4,1.0,1,8,880,3,1,331,4.567551104150948,4
6776,4,1.0,1,21,208,3,1,2470,37.72,4
2172,4,1.0,1,34,105,3,1,274,0.8192729619272964,7
2219,4,,0,34,328,3,1,302,0.43008595988538684,7
8616,4,1.0,1,15,1479,3,1,501,3.6799999999999997,4
428,4,1.0,1,22,929,3,1,1072,51.285456798570195,9
5860,4,1.0,1,40,928,3,1,248,0.38312720821507384,4
3608,4,2.0,1,2,1157,3,1,372,1.2311862289294186,4
4599,4,1.0,1,19,935,3,1,1289,13.66,7
5665,4,,0,8,1405,3,1,5330,4.109064091198238,6
7788,4,,0,34,429,3,1,240,0.017349058698709563,7
4350,4,1.0,1,21,194,12,1,305,11.2,7
8086,4,2.0,1,10,43,3,1,2469,32.5,3
6355,4,1.0,1,15,1244,3,1,1324,52.03271543820317,4
1192,4,1.0,1,21,138,3,1,285,2.34,4
5148,4,2.0,1,10,871,3,1,294,0.3908732232751737,8
1116,4,1.0,1,27,76,3,1,558,3.6012956419316846,4
1601,4,1.0,1,32,429,3,1,1795,5.04,7
135,4,2.0,1,4,996,3,1,333,0.8722723463051242,3
6265,4,1.0,1,32,429,3,1,302,0.28915097831182607,7
4013,4,2.0,1,10,43,3,1,1361,17.6,3
4062,4,,0,8,1378,3,1,2682,7.881128479806221,6
7328,4,1.0,1,35,374,3,1,1309,9.02,4
6040,4,1.0,1,40,873,3,1,290,0.5970224068932273,4
4003,4,2.0,1,7,1091,3,1,375,4.28,3
2604,4,2.0,1,26,320,3,1,261,0.5432306644467989,3
7440,4,1.0,1,40,887,3,1,332,3.1546664535191256,4
4309,4,1.0,1,32,429,3,1,1311,4.06,7
2486,9,,0,37,1285,16,1,1230,195.56,6
5329,4,1.0,1,40,547,3,1,306,1.3378676470588238,4
7943,4,1.0,1,21,63,13,1,324,0.39038745901176813,7
1733,4,,0,8,1372,3,1,5066,5.791566273442623,6
3825,4,1.0,1,21,84,3,1,635,2.5,4
8694,4,1.0,1,34,908,3,1,918,11.44,7
4871,4,1.0,1,35,184,3,1,392,2.22,4
4673,4,,0,20,1454,3,1,3478,4.291067891411765,5
6097,4,2.0,1,26,219,3,1,439,11.08,3
8033,4,1.0,1,21,928,3,1,479,11.493816246452216,4
1686,4,2.0,1,26,634,3,1,341,2.94,3
8591,4,1.0,1,26,595,3,1,677,8.246642956304877,7
3123,4,1.0,1,40,871,3,1,363,4.397323761845704,4
8399,4,1.0,1,15,263,3,1,4278,37.4737895176088,4
5163,4,2.0,1,26,322,3,1,292,0.8005006310475391,3
1248,4,2.0,1,2,1244,3,1,533,9.806543087640634,4
3856,4,2.0,1,10,877,3,1,717,44.22604949633399,8
4701,4,1.0,1,43,53,3,1,615,8.78,8
3430,4,1.0,1,40,929,3,1,367,2.591505787432978,4
1630,4,1.0,1,27,880,3,1,584,24.837755520754744,4
7617,4,2.0,1,26,635,3,1,389,1.6429744238639337,3
2462,4,2.0,1,25,1197,3,1,1288,8.87914842161734,6
339,4,1.0,1,40,872,3,1,313,0.4264086320670071,4
5865,4,1.0,1,16,1479,3,1,316,0.22340241796200344,4
5968,4,,0,8,1403,3,1,1768,2.964109377868105,6
2209,4,,0,27,1354,3,1,4258,12.593975105845072,2
4924,4,1.0,1,34,554,3,1,343,3.006884106672837,7
7074,4,,0,24,1434,3,1,2765,5.002353774176471,2
2532,4,1.0,1,34,235,3,1,621,3.7199999999999998,7
9085,4,1.0,1,22,1351,3,1,2776,11.763034238274194,9
6489,4,,0,20,1393,3,1,1202,2.905743511346457,5
4709,4,1.0,1,22,114,3,1,370,13.56,9
1045,4,1.0,1,27,104,3,1,423,1.275534069141658,4
4873,4,1.0,1,35,236,3,1,273,0.07966430869576666,4
56,4,1.0,1,21,1263,3,1,918,3.780648135530698,7
6006,4,1.0,1,16,1249,3,1,307,1.1033545647558385,4
5344,4,1.0,1,21,705,3,1,384637,558.4510063296143,5
1005,4,1.0,1,40,871,3,1,343,1.6612111989194882,4
5312,4,2.0,1,10,43,3,1,2463,34.24,3
5215,4,1.0,1,21,49,3,1,2282,6.084584385387943,4
1079,4,1.0,1,34,421,3,1,259,0.1197349519505488,7
9098,4,1.0,1,22,1350,3,1,878,1.3266798494467595,9
2237,4,1.0,1,40,886,3,1,298,0.7174612427131238,4
8137,4,2.0,1,25,1052,3,1,339,0.075942796519018,6
7854,4,1.0,1,21,63,13,1,390,42.03874590117681,7
8500,4,2.0,1,10,994,3,1,322,0.23051031295006844,3
1810,4,1.0,1,43,48,3,1,2282,4.596727272727272,8
6425,4,1.0,1,8,878,3,1,330,4.521704643092323,4
5068,4,1.0,1,27,113,3,1,1818,123.58599898746445,4
1678,4,1.0,1,40,879,3,1,255,0.18241525788062604,4
5599,4,1.0,1,34,235,3,1,1047,5.58,7
4140,4,1.0,1,32,89,3,1,401,5.347853990105246,7
6130,4,2.0,1,26,219,3,1,312,0.861810865191147,3
3464,4,2.0,1,10,879,3,1,349,2.7362288682093907,8
6855,4,2.0,1,10,195,12,1,395,30.0,9
5925,4,2.0,1,38,631,3,1,1318,6.4,6
1065,4,1.0,1,22,830,12,1,353,5.486231884057972,9
4919,4,1.0,1,32,1052,3,1,1720,10.25472244411847,7
8426,4,1.0,1,21,360,13,1,358,6.988703703703704,7
7171,4,2.0,1,10,989,3,1,276,0.12585960349478137,8
8027,4,1.0,1,21,208,3,1,2091,29.489300411522628,4
236,4,2.0,1,26,390,3,1,2002,18.62173679700723,3
7497,4,1.0,1,35,141,3,1,1913,4.06,4
2551,4,1.0,1,16,58,3,1,820,11.7,4
5537,4,1.0,1,32,1270,3,1,272,0.20607197345236983,7
509,4,1.0,1,16,9,3,1,306,0.18562145110410092,4
5988,4,,0,27,1397,3,1,1507,3.627087056757666,2
5691,4,2.0,1,26,389,3,1,752,7.06418317712659,3
4741,4,1.0,1,22,829,3,1,317,0.83485508841441,9
960,4,1.0,1,32,430,3,1,10322,25.44,7
6742,4,2.0,1,4,928,3,1,491,16.325088328602952,3
5370,4,2.0,1,10,195,12,1,361,30.0,9
8568,4,1.0,1,34,259,3,1,485,3.38848603773585,7
4286,4,1.0,1,22,1351,3,1,5321,22.52606847654839,9
9004,4,2.0,1,10,989,3,1,264,0.44050861223173476,3
141,4,1.0,1,21,49,3,1,2258,6.0,4
5291,4,1.0,1,17,878,3,1,641,38.173637144738585,7
5594,4,1.0,1,21,705,3,1,55239,67.0,5
3936,4,1.0,1,40,879,3,1,293,5.1076272206575295,4
5905,4,1.0,1,34,152,3,1,10003,136.1284927544272,7
3975,4,2.0,1,10,195,12,1,345,23.6,9
5914,4,1.0,1,35,632,3,1,4393,40.155258544586864,4
2080,4,1.0,1,16,426,3,1,474,0.7064445696576965,4
2256,4,1.0,1,17,564,3,1,369,6.745379252557872,7
8305,4,,0,34,109,3,1,381,8.405550049554014,7
4407,4,1.0,1,17,573,3,1,418,8.903225183661748,7
3310,4,2.0,1,26,375,3,1,558,2.562646512003879,3
466,4,1.0,1,45,561,3,1,259,0.524285809602101,4
6902,4,1.0,1,27,357,3,1,696,33.010189418680596,4
4271,4,1.0,1,21,1492,3,1,52324,56.06634101591837,7
2077,4,2.0,1,26,549,3,1,369,12.06,3
7980,4,1.0,1,21,434,3,1,1052,3.3284965164083182,4
8176,4,2.0,1,10,880,3,1,245,0.9135102208301897,3
4391,4,1.0,1,22,568,3,1,271,0.343659899198263,9
2853,9,,0,37,1368,16,1,2114,267.1,6
2070,4,2.0,1,26,635,3,1,517,3.7111892868455914,3
7009,4,2.0,1,10,994,3,1,332,1.536735419667123,8
4683,4,1.0,1,29,50,3,1,446,1.3279208797697248,4
370,4,1.0,1,22,831,12,1,335,6.0,9
3485,4,1.0,1,16,426,3,1,862,2.1565150021129686,4
2788,4,1.0,1,16,430,3,1,1487,3.968552284263959,4
7166,4,2.0,1,2,49,3,1,1374,3.346521411963369,4
2739,4,1.0,1,21,1465,3,1,8135,284.4304647511638,7
9141,4,1.0,1,32,1053,3,1,586,1.0634985985086458,7
3227,4,1.0,1,32,1441,3,1,806,2.7162142295905265,7
5165,4,1.0,1,16,1467,3,1,330,0.9314664458371275,4
4199,9,,0,37,1254,16,1,1803,302.6,6
3625,4,1.0,1,26,390,3,1,746,5.037780620943104,7
2705,4,1.0,1,45,1157,3,1,764,5.367971958132266,4
7608,4,1.0,1,32,1197,3,1,5352,44.28365695024844,7
4569,4,1.0,1,40,872,3,1,272,0.21320431603350354,4
1836,4,1.0,1,22,487,3,1,291,0.908944467789491,9
7142,4,1.0,1,32,141,3,1,323,0.3440071709880136,7
2364,4,1.0,1,16,945,3,1,344,10.19723604248819,4
5498,4,1.0,1,40,873,3,1,312,1.9900746896440906,4
7389,4,,0,8,1394,3,1,3462,5.743498400449389,2
6437,4,1.0,1,8,577,3,1,304,5.165537635680365,4
767,4,1.0,1,17,324,3,1,345,2.352936188255248,7
7226,4,1.0,1,15,593,3,1,365,2.397221883757769,4
7664,4,1.0,1,16,394,3,1,384,0.31699505363457964,4
1741,4,,0,8,1375,3,1,1128,0.7897632766190477,6
1064,4,1.0,1,40,365,12,1,311,3.860521708203332,4
4245,4,2.0,1,10,932,3,1,341,1.0222456536972488,8
4102,4,1.0,1,32,430,3,1,1272,3.307126903553299,7
5660,4,,0,8,1369,3,1,1271,2.9850138075652843,6
6662,4,,0,27,1386,3,1,2026,2.471972596138996,2
98,4,1.0,1,29,191,3,1,694,5.16,4
1992,4,1.0,1,16,1461,3,1,1099,28.19614655368158,4
7024,4,1.0,1,36,394,3,1,1745,3.5200000000000005,7
8670,4,1.0,1,16,5,3,1,277,0.8365819861431871,4
2798,4,,0,20,1435,3,1,7786,4.961810615774775,5
693,9,,0,37,1476,16,1,696,6.16,6
443,4,1.0,1,13,209,3,1,49268,26.51158926649526,4
4122,4,1.0,1,27,1384,3,1,641,57.22,4
9078,4,1.0,1,22,561,3,1,337,5.592381969089077,9
8090,4,2.0,1,10,43,3,1,1718,23.38,3
1421,4,1.0,1,16,1466,3,1,770,15.45610726494293,4
6280,4,1.0,1,32,829,3,1,621,5.98,7
4972,4,2.0,1,10,928,3,1,733,29.650176657205908,8
1738,4,,0,8,1390,3,1,6697,25.6,6
2834,4,2.0,1,23,398,12,1,266,2.6519480519480525,7
3602,4,1.0,1,35,367,3,1,253,0.960296735905044,4
6431,4,1.0,1,8,878,3,1,377,4.521704643092323,4
2603,4,2.0,1,26,320,3,1,316,0.6071401543817164,3
2931,4,1.0,1,8,558,3,1,309,4.602678908652896,4
5431,4,1.0,1,13,666,3,1,9247,4.011579206568387,4
353,4,2.0,1,10,887,3,1,403,13.91764611846673,8
8665,4,1.0,1,22,624,3,1,368,7.196956680524234,9
2326,4,1.0,1,32,1267,3,1,2254,7.770050164986447,7
8964,4,2.0,1,10,877,3,1,465,18.6179698702282,3
8547,4,1.0,1,34,908,3,1,679,7.32,7
1449,4,1.0,1,34,215,3,1,421,16.64,7
5689,4,2.0,1,26,27,3,1,499,7.7373369491035575,3
3291,4,2.0,1,26,561,3,1,442,9.437144572837818,3
6389,4,1.0,1,22,1350,3,1,1534,2.653359698893519,9
8393,4,1.0,1,40,930,3,1,298,1.8619946907755418,4
358,4,2.0,1,10,989,3,1,339,3.1464900873695343,8
4728,4,1.0,1,36,123,3,1,628,3.1771093473535217,7
6930,4,1.0,1,19,1124,3,1,336,0.36389011820164585,7
1078,4,1.0,1,34,367,3,1,246,0.08729970326409492,7
5226,4,1.0,1,8,567,3,1,313,1.5297234676472105,4
2577,9,,0,37,1367,16,1,419,16.45,6
8438,4,1.0,1,45,105,3,1,490,3.12,4
8576,4,1.0,1,36,259,3,1,497,5.042389937106919,7
4450,4,1.0,1,14,964,13,1,325,0.8824390243902439,4
8431,4,1.0,1,45,105,3,1,262,0.38915465691546575,4
6219,4,2.0,1,10,880,3,1,323,5.481061324981138,8
8401,4,2.0,1,10,886,3,1,317,4.484132766957024,3
8983,4,,0,24,1447,3,1,2788,1.86045082285107,2
6885,4,1.0,1,21,79,3,1,991,11.79376146788991,4
5963,4,,0,8,1401,3,1,1107,3.0459392853143874,6
6932,4,1.0,1,35,323,3,1,402,8.16,4
8790,4,2.0,1,26,597,3,1,1556,29.04,3
6225,4,1.0,1,40,930,3,1,240,0.3723989381551084,4
6045,4,1.0,1,40,880,3,1,245,0.18270204416603794,4
5808,4,1.0,1,36,118,3,1,254,1.0979481744813155,7
1697,4,,0,20,1377,3,1,2757,3.071395348837209,5
6385,4,1.0,1,21,375,3,1,469,2.2779080106701146,4
5472,4,1.0,1,13,431,3,1,30292,17.754486678618523,4
2835,4,,0,34,587,3,1,301,0.05037310484759637,7
2408,4,1.0,1,22,302,3,1,273,3.40036155269178,9
3447,4,1.0,1,22,235,3,1,335,0.9509223016524084,9
3206,4,1.0,1,22,829,3,1,588,5.301329811431503,9
2117,4,2.0,1,10,878,3,1,477,17.086818572369292,8
5228,4,1.0,1,8,886,3,1,471,12.452398300871073,4
4921,4,1.0,1,32,1173,3,1,1256,3.8096345930657307,7
7377,4,1.0,1,15,1483,3,1,306,2.7297909224637675,4
1827,4,1.0,1,22,116,3,1,704,40.8933131519738,9
7541,4,2.0,1,10,929,3,1,694,30.79450874925531,8
8801,4,1.0,1,22,373,3,1,896,5.2,9
4698,4,1.0,1,34,909,3,1,688,8.04,7
9055,4,1.0,1,29,123,3,1,1270,8.825303742648671,4
7385,4,,0,20,1449,3,1,5094,9.487105114638474,5
1417,4,1.0,1,34,930,3,1,783,34.23989381551083,7
6531,4,2.0,1,10,996,3,1,271,1.221181284827174,8
5880,4,1.0,1,34,151,3,1,20248,224.86697932210618,7
3450,4,1.0,1,22,235,3,1,387,1.0565803351693426,9
1805,4,1.0,1,34,853,3,1,332,2.1824000000000003,7
2931,4,1.0,1,8,558,3,1,309,4.602678908652896,4
9155,4,1.0,1,22,880,3,1,508,17.443183974943416,9
8528,4,,0,20,1365,3,1,1479,6.313326388533155,5
1203,4,1.0,1,21,198,12,1,310,1.254020210397027,7
8589,4,1.0,1,16,422,3,1,5267,350.64000000000004,4
2418,4,1.0,1,22,887,3,1,333,0.18556861491288973,9
8713,4,2.0,1,26,635,3,1,482,4.310391723784202,3
1706,4,,0,20,1408,3,1,119525,409.62,5
8843,4,1.0,1,40,381,12,1,288,1.4968242423223732,4
3119,4,1.0,1,40,928,3,1,281,0.3065017665720591,4
6660,4,2.0,1,26,319,3,1,341,2.1108666249580517,3
2350,4,1.0,1,16,1173,3,1,615,1.2673635873961244,4
6680,4,1.0,1,32,99,3,1,301,0.8295674628792769,7
7444,4,1.0,1,21,63,13,1,410,42.03874590117681,7
9142,4,1.0,1,32,1269,3,1,336,0.5305647625236821,7
7511,4,1.0,1,32,319,3,1,266,0.4388930606348424,7
6462,4,,0,24,1401,3,1,688,1.5229696426571937,2
6189,4,1.0,1,15,1172,3,1,489,7.321589153464479,4
6819,4,1.0,1,21,432,3,1,41992,99.85290127364337,5
3850,4,2.0,1,10,924,3,1,834,67.92,8
5634,4,2.0,1,26,318,3,1,441,2.4602587086875687,3
4824,4,1.0,1,40,127,12,1,338,1.0288469915932317,4
8873,4,1.0,1,22,561,3,1,263,1.485476460539286,9
901,4,1.0,1,16,395,3,1,2284,3.3114089347079037,7
619,4,2.0,1,26,90,3,1,976,29.214812813008507,3
1164,4,1.0,1,13,431,3,1,17749,9.773450562527472,4
2081,4,1.0,1,24,245,3,1,474,5.72,7
1916,4,1.0,1,32,320,3,1,838,17.182249886484033,7
2515,4,1.0,1,22,1093,3,1,753,26.94,9
6365,4,1.0,1,40,614,3,1,254,0.6433257447295692,4
5304,4,1.0,1,36,306,3,1,374,6.1548961168529885,7
256,4,2.0,1,26,389,3,1,875,8.58,3
7624,4,1.0,1,13,209,3,1,35297,17.936849476068044,4
8052,4,2.0,1,4,929,3,1,2236,139.97254374627656,3
6982,4,1.0,1,32,930,3,1,2260,150.8106156867813,7
7468,4,1.0,1,32,723,3,1,443,3.5096804456171204,7
6087,4,2.0,1,26,1089,3,1,1298,14.942203368778921,3
3131,4,1.0,1,45,561,3,1,326,5.50500100082206,4
2173,4,1.0,1,34,100,3,1,296,0.465487313262203,7
2077,4,2.0,1,26,549,3,1,369,12.06,3
7836,4,1.0,1,21,930,3,1,706,29.79191505240867,4
4777,4,1.0,1,17,879,3,1,316,5.654872994299407,7
9109,4,1.0,1,22,114,3,1,505,23.04,9
490,4,2.0,1,38,1242,3,1,1273,31.70229508749958,6
7186,4,1.0,1,16,83,3,1,4299,13.877245070775915,4
7882,4,2.0,1,25,1176,3,1,330,0.18079799278622116,6
3215,4,1.0,1,19,829,3,1,317,1.1270543693594535,7
2664,4,1.0,1,40,872,3,1,334,0.8528172641340142,4
4246,4,2.0,1,10,924,3,1,434,27.720000000000002,8
4868,4,1.0,1,35,148,3,1,249,0.8108870967741935,4
3606,4,2.0,1,2,444,3,1,16248,21.74,4
3226,4,1.0,1,32,1443,3,1,1239,6.964304881308732,7
3278,4,1.0,1,32,722,3,1,322,1.223201024327785,7
5632,4,2.0,1,26,637,3,1,317,0.8574590332268479,3
3552,4,1.0,1,45,561,3,1,450,16.379050414994964,4
1634,4,2.0,1,2,462,3,1,742,0.9899119028978227,4
5987,4,1.0,1,18,886,3,1,576,26.904796601742145,4
5669,4,2.0,1,26,389,3,1,1048,9.78,3
8676,4,,0,27,1345,3,1,891,1.77923094,2
1191,4,1.0,1,21,79,3,1,650,6.396880733944955,4
7301,4,1.0,1,21,147,3,1,355,8.16,4
6092,4,2.0,1,26,812,3,1,436,3.1317980107115537,3
8838,4,1.0,1,40,880,3,1,319,0.7308081766641518,4
2955,4,1.0,1,16,913,3,1,379,0.48954941198925295,4
7483,4,1.0,1,35,430,3,1,2292,6.0,4
895,4,1.0,1,35,154,3,1,3243,19.243815011456096,4
5901,4,1.0,1,3,276,3,1,24315,16.353116159514066,5
2437,4,1.0,1,21,824,3,1,2237,24.24,4
769,4,1.0,1,17,331,3,1,301,0.2394710327455919,7
6795,4,1.0,1,21,917,12,1,324,1.6,7
6952,4,1.0,1,8,926,3,1,348,9.726215773577504,4
1550,4,2.0,1,10,995,3,1,336,0.6924017705672101,8
373,4,1.0,1,13,431,3,1,20326,10.169657785745683,4
8885,4,1.0,1,21,1490,3,1,33888,25.584351012949853,7
1862,4,1.0,1,34,259,3,1,332,0.8874606289308178,7
7400,4,1.0,1,32,1266,3,1,1268,11.180508090226104,7
2261,4,1.0,1,21,309,13,1,262,0.43478260869565216,7
4419,4,1.0,1,32,1261,3,1,373,0.8009605744767281,7
6153,4,,0,8,1402,3,1,10235,8.716372159062498,2
7052,4,1.0,1,8,463,12,1,307,6.585507246376811,4
7969,4,2.0,1,10,877,3,1,336,4.40449246755705,8
8776,4,,0,8,1380,3,1,890,1.926233274666785,2
4569,4,1.0,1,40,872,3,1,272,0.21320431603350354,4
1952,4,1.0,1,32,1174,3,1,262,0.07280637296880378,7
1436,4,1.0,1,22,236,3,1,402,0.6373144695661332,9
3811,4,,0,34,556,3,1,317,1.485340095736469,7
4095,4,2.0,1,10,994,3,1,354,1.536735419667123,8
8835,4,2.0,1,25,1268,3,1,383,0.22432957903392076,6
7133,4,,0,20,1429,3,1,4236,14.771143772639592,5
4224,4,2.0,1,10,104,3,1,875,4.98,8
3167,4,2.0,1,10,48,3,1,4272,7.88,8
319,4,1.0,1,19,426,3,1,723,1.7847020707141807,7
8809,4,1.0,1,16,79,3,1,954,11.32,7
3942,4,1.0,1,40,887,3,1,276,0.5567058447386692,4
7349,4,2.0,1,10,990,3,1,292,0.47135044828415773,8
1663,4,1.0,1,40,127,12,1,382,11.31731690752555,4
6354,4,1.0,1,45,105,3,1,351,2.048182404818241,4
8026,4,1.0,1,21,49,3,1,2235,6.06,4
7615,4,2.0,1,26,635,3,1,663,8.137555675843718,3
3014,9,1.0,1,32,1001,16,1,402,68.03527589513327,5
4369,4,1.0,1,34,152,3,1,15279,192.94,7
7586,4,1.0,1,16,373,3,1,1250,8.403101312169737,4
8950,4,1.0,1,21,236,3,1,5247,39.48,4
4217,4,,0,34,924,3,1,280,2.0419910625620643,7
2660,4,1.0,1,35,1461,3,1,2313,68.98525580272438,4
5863,4,1.0,1,40,886,3,1,289,0.7174612427131238,4
315,4,1.0,1,24,148,3,1,302,4.054435483870968,7
2519,4,1.0,1,22,236,3,1,721,3.3459009652222,9
3685,4,2.0,1,10,933,3,1,355,3.731790599805883,8
8704,4,2.0,1,26,1124,3,1,1139,9.916703546049376,3
6131,4,2.0,1,26,389,3,1,1354,15.56,3
3797,4,1.0,1,34,829,3,1,421,2.671536282926112,7
4380,4,1.0,1,32,141,3,1,704,1.7888372891376705,7
2850,9,,0,37,1476,16,1,1325,14.4,6
5719,4,,0,20,1348,3,1,910,2.529478648916667,5
4817,4,1.0,1,15,1008,8,1,4118,23.85986929883893,4
2018,4,1.0,1,40,928,3,1,313,0.7662544164301477,4
2227,4,1.0,1,31,149,3,1,2643,165.78,4
7972,4,2.0,1,10,886,3,1,391,8.968265533914048,8
9155,4,1.0,1,22,880,3,1,508,17.443183974943416,9
1014,4,1.0,1,22,236,3,1,318,0.47798585217459993,9
8648,4,,0,20,1348,3,1,924,2.529478648916667,5
1997,4,1.0,1,8,567,3,1,318,1.5297234676472105,4
3862,4,2.0,1,10,195,12,1,375,24.6,9
7474,4,1.0,1,15,1222,8,1,3146,16.227057749489532,4
353,4,2.0,1,10,887,3,1,403,13.91764611846673,8
9067,4,1.0,1,22,1078,3,1,1018,23.16,9
3302,4,2.0,1,26,89,3,1,280,0.8690262733921026,3
3909,4,2.0,1,26,635,3,1,494,3.479239956417742,3
4869,4,1.0,1,35,124,3,1,1057,6.353592886886152,4
6135,4,,0,8,1410,3,1,26302,67.57727272727274,2
1136,4,1.0,1,16,1290,3,1,668,2.469755757152826,4
7883,4,1.0,1,15,1221,8,1,1685,6.6079650035146305,4
365,4,1.0,1,40,365,12,1,416,27.884173665626655,4
4896,4,1.0,1,35,50,3,1,1261,4.04,4
7508,4,1.0,1,32,99,3,1,437,2.68,7
7027,4,1.0,1,36,50,3,1,826,3.1,7
5145,4,1.0,1,40,542,3,1,785,40.41861356904824,4
7314,4,2.0,1,26,571,3,1,516,16.68358601824088,3
8094,4,1.0,1,40,929,3,1,314,0.07198627187313827,4
6371,4,2.0,1,10,928,3,1,404,7.662544164301477,8
3405,4,1.0,1,34,829,3,1,335,0.83485508841441,7
4206,4,1.0,1,34,191,3,1,1294,10.34,7
304,4,1.0,1,22,235,3,1,303,0.6656456111566859,9
6697,4,1.0,1,32,32,3,1,596,3.04,7
5961,9,,0,37,1285,16,1,2233,404.8,6
1266,4,1.0,1,21,434,3,1,679,1.6642482582041591,4
7279,4,1.0,1,16,331,3,1,511,16.82,4
7055,4,2.0,1,10,875,3,1,343,4.005630691422243,8
3923,4,2.0,1,10,924,3,1,553,43.12,8
6087,4,2.0,1,26,1089,3,1,1298,14.942203368778921,3
153,4,2.0,1,26,113,3,1,1116,82.37441008884639,3
4289,4,1.0,1,34,152,3,1,30240,366.94,7
1840,4,2.0,1,38,1461,3,1,1122,29.515851669736065,6
4083,4,2.0,1,10,993,3,1,373,5.723080955896898,8
9186,4,1.0,1,22,86,3,1,2268,8.192611464968154,9
6534,4,2.0,1,10,871,3,1,277,0.7817464465503474,8
5864,4,1.0,1,40,872,3,1,278,0.8528172641340142,4
6986,4,1.0,1,16,426,3,1,1511,4.461755176785452,4
5482,4,1.0,1,22,880,3,1,293,0.2740530662490569,9
3446,4,1.0,1,22,235,3,1,356,1.0565803351693426,9
7890,4,1.0,1,32,147,3,1,824,43.58,7
691,9,,0,37,1481,16,1,3188,87.94,6
7841,4,1.0,1,35,1270,3,1,336,0.08242878938094793,4
3700,4,1.0,1,21,925,3,1,312,0.2450573565688278,7
3290,4,2.0,1,26,1081,3,1,919,2.9759698626859494,3
8880,4,2.0,1,10,929,3,1,344,7.198627187313828,3
462,4,1.0,1,45,561,3,1,444,14.903336224597062,4
3421,4,1.0,1,36,377,3,1,400,1.7217796774820284,7
7189,4,1.0,1,21,247,13,1,264,2.051946870401832,7
7528,4,1.0,1,21,193,12,1,654,144.9778597785978,4
2113,4,1.0,1,21,1175,3,1,1324,3.518893899952938,7
4168,4,1.0,1,40,554,3,1,270,1.6704911703737984,4
5140,4,1.0,1,29,373,3,1,1476,9.96,4
7594,4,1.0,1,21,1196,3,1,794,3.276419897625807,7
7640,4,2.0,1,25,1176,3,1,473,1.717580931469101,6
113,4,2.0,1,11,573,3,1,252,0.17806450367323495,3
2548,4,1.0,1,43,911,3,1,437,0.4471149201617467,8
8003,9,,0,37,1476,16,1,3322,42.2,6
6151,4,2.0,1,26,682,3,1,275,1.48,3
1296,4,1.0,1,40,887,3,1,263,1.6701175342160075,4
3184,4,1.0,1,22,212,3,1,318,6.480000000000001,9
8598,4,,0,34,50,3,1,272,0.11287327478042661,7
7860,4,1.0,1,32,388,3,1,731,7.613179274237226,7
6915,4,1.0,1,35,191,3,1,487,2.7449809831014407,4
3198,4,1.0,1,13,796,3,1,14249,4.941517176373101,4
2475,4,2.0,1,26,549,3,1,316,5.916801451935196,3
239,4,2.0,1,26,322,3,1,377,2.2622843920908715,3
2642,4,1.0,1,27,179,3,1,1284,9.62,4
7027,4,1.0,1,36,50,3,1,826,3.1,7
1233,4,1.0,1,32,388,3,1,1287,15.76,7
7808,4,,0,34,367,3,1,344,3.841186943620176,7
7462,4,1.0,1,19,1088,3,1,355,3.3698239067796614,7
7515,4,1.0,1,35,83,3,1,2307,6.02,4
2695,4,1.0,1,36,137,3,1,363,4.153153153153152,7
8189,4,1.0,1,32,1052,3,1,2740,18.5452309099442,7
3396,4,1.0,1,26,596,3,1,638,8.26,7
146,4,2.0,1,2,426,3,1,2300,6.02,4
3248,4,1.0,1,36,76,3,1,256,0.028810365135453476,7
736,4,2.0,1,38,1264,3,1,332,0.1434167896809952,6
8176,4,2.0,1,10,880,3,1,245,0.9135102208301897,3
5676,4,2.0,1,26,27,3,1,318,3.008964369095828,3
346,4,1.0,1,32,1171,3,1,312,0.8564474353432157,7
524,4,1.0,1,19,259,3,1,277,0.48406943396226426,7
6431,4,1.0,1,8,878,3,1,377,4.521704643092323,4
7874,4,1.0,1,16,829,3,1,271,0.417427544207205,4
5507,4,1.0,1,40,929,3,1,330,1.079794078097074,4
3215,4,1.0,1,19,829,3,1,317,1.1270543693594535,7
8052,4,2.0,1,4,929,3,1,2236,139.97254374627656,3
2628,4,1.0,1,19,935,3,1,869,8.739774330042314,7
7116,4,,0,12,666,3,1,3261,1.3371930688561289,6
8465,4,1.0,1,36,924,3,1,250,2.187847567030783,4
8787,4,2.0,1,26,1124,3,1,3188,36.11539640645883,3
5212,4,1.0,1,21,138,3,1,341,2.74,4
2285,4,1.0,1,29,929,3,1,1334,67.98627187313828,4
5759,9,,0,37,1254,16,1,973,136.88,6
8280,4,1.0,1,34,1270,3,1,310,0.1373813156349132,7
4963,4,1.0,1,36,911,3,1,746,1.7884596806469868,7
3007,4,1.0,1,34,394,3,1,608,0.9245689064341905,7
2046,4,1.0,1,27,235,3,1,257,0.21131606703386852,4
8667,4,1.0,1,35,323,3,1,390,7.84,4
1389,4,1.0,1,34,235,3,1,311,0.5282901675846713,7
1830,4,1.0,1,19,40,3,1,739,3.7388762585254955,7
7438,4,1.0,1,40,929,3,1,276,0.14397254374627655,4
1707,4,,0,20,1351,3,1,1139,3.921011412758065,5
4249,4,,0,24,1342,3,1,5284,9.0,2
1983,4,1.0,1,39,1174,3,1,427,0.38319143667791467,4
4427,4,1.0,1,21,1210,3,1,628,8.690431780389936,4
6838,4,,0,20,1426,3,1,2083,5.625612782000001,5
963,4,1.0,1,32,49,3,1,10272,25.68,7
4427,4,1.0,1,21,1210,3,1,628,8.690431780389936,4
1761,4,,0,20,1398,3,1,1154,3.4817178038761125,5
7994,4,2.0,1,10,994,3,1,494,6.146941678668492,8
8747,4,2.0,1,26,812,3,1,382,2.0571614384085697,3
1078,4,1.0,1,34,367,3,1,246,0.08729970326409492,7
1452,4,1.0,1,17,805,12,1,275,0.8285714285714285,7
7701,4,1.0,1,8,926,3,1,297,5.363107886788752,4
3686,4,2.0,1,10,928,3,1,343,7.662544164301477,8
4674,4,,0,20,1409,3,1,12064,18.43259304620071,5
2621,4,1.0,1,40,381,12,1,290,1.4968242423223732,4
4862,4,1.0,1,27,357,3,1,762,38.94,4
1011,4,1.0,1,22,114,3,1,528,18.9,9
8295,4,1.0,1,40,925,3,1,331,0.2450573565688278,4
1919,4,1.0,1,35,49,3,1,2236,6.0,4
1612,4,1.0,1,21,124,3,1,1269,7.94199110860769,4
4850,4,1.0,1,35,124,3,1,937,5.5200000000000005,4
8669,4,2.0,1,10,1123,3,1,437,21.22,8
1964,4,,0,34,1251,3,1,304,0.11994493132055431,7
7395,4,2.0,1,10,996,3,1,297,1.7445446926102484,8
2262,4,2.0,1,10,43,3,1,1359,17.58,3
4910,4,1.0,1,35,91,3,1,303,0.8178770949720672,4
5909,4,,0,8,1359,3,1,1196,6.4,2
6229,4,1.0,1,40,877,3,1,343,7.223367646793562,4
8364,4,1.0,1,43,1157,3,1,364,0.44322704241459077,8
7072,4,1.0,1,40,871,3,1,292,0.19543661163758685,4
2793,4,1.0,1,32,235,3,1,1062,7.58,7
2528,4,1.0,1,34,236,3,1,591,2.1509363347857,7
5244,4,1.0,1,34,123,3,1,2438,16.26,7
6244,4,1.0,1,21,1487,3,1,31493,37.31427158089532,7
1395,4,1.0,1,15,920,3,1,1314,19.416436242042316,4
1446,4,1.0,1,32,373,3,1,437,1.7779193302590708,7
1888,4,,0,20,1402,3,1,2806,2.1790930397656245,5
2193,4,1.0,1,16,81,3,1,514,12.255302062541539,4
2683,4,1.0,1,34,182,3,1,1239,9.72,7
327,4,1.0,1,35,1465,3,1,1459,45.40359105528905,4
7315,4,2.0,1,26,116,3,1,1250,95.11106565759864,3
4444,4,2.0,1,10,992,3,1,270,0.6430167035347129,8
7881,4,1.0,1,16,10,3,1,510,1.537356143079316,4
6297,4,1.0,1,32,112,3,1,708,41.86,7
6319,4,1.0,1,35,84,3,1,919,3.02,4
7479,4,1.0,1,13,391,3,1,45771,24.96,4
4700,4,1.0,1,22,83,3,1,841,1.8028143099086282,9
5950,4,1.0,1,15,920,3,1,4283,74.68,4
3829,4,1.0,1,21,568,3,1,1776,128.87246219934863,4
5515,4,2.0,1,10,871,3,1,251,1.368056281463108,8
6029,4,2.0,1,10,1451,3,1,2224,2.7333101742496697,8
5339,4,1.0,1,40,887,3,1,292,0.5567058447386692,4
4143,4,1.0,1,15,9,3,1,1752,9.58,4
5985,4,2.0,1,10,932,3,1,374,5.622351095334869,8
6363,4,1.0,1,40,872,3,1,265,0.4264086320670071,4
2061,4,1.0,1,16,15,3,1,539,6.38,4
2186,4,2.0,1,2,911,3,1,733,1.4307677445175895,4
8660,4,1.0,1,21,83,3,1,2275,6.06,4
4144,4,1.0,1,32,89,3,1,350,1.6712043719078897,7
1383,4,1.0,1,34,367,3,1,292,2.6189910979228475,7
3631,4,1.0,1,34,1478,3,1,292,0.25206762028608587,7
7074,4,,0,24,1434,3,1,2765,5.002353774176471,2
2224,4,1.0,1,34,1245,3,1,328,0.7170106347502034,7
7201,4,1.0,1,35,91,3,1,311,0.16357541899441344,4
3697,4,1.0,1,36,377,3,1,473,2.64006217213911,7
3019,4,1.0,1,15,1243,3,1,614,14.258295153251163,4
7551,4,2.0,1,10,928,3,1,492,15.325088328602954,8
4655,4,1.0,1,40,928,3,1,306,0.07662544164301477,4
2348,4,1.0,1,34,567,3,1,784,36.24308669118026,7
3906,4,2.0,1,26,390,3,1,740,4.743910084721422,3
7752,4,1.0,1,34,191,3,1,378,1.3724904915507203,7
3118,4,1.0,1,40,932,3,1,338,0.6133473922183493,4
2072,4,2.0,1,26,635,3,1,541,5.334834599840538,3
1112,4,1.0,1,32,595,3,1,315,1.4350306768511967,7
3248,4,1.0,1,36,76,3,1,256,0.028810365135453476,7
1315,4,1.0,1,22,31,3,1,334,0.0659795029041304,9
6055,4,1.0,1,40,886,3,1,340,1.7936531067828096,4
3640,4,1.0,1,8,877,3,1,288,4.40449246755705,4
8869,4,,0,20,1393,3,1,2055,5.811487022692914,5
2282,4,1.0,1,29,110,3,1,1326,9.24,4
7908,9,,0,37,1538,16,1,1179,129.14,6
3920,4,,0,20,1454,3,1,1877,2.1455339457058824,5
7649,4,2.0,1,10,996,3,1,336,3.052953212067935,8
1548,4,2.0,1,10,930,3,1,1237,67.47978763102167,8
5311,4,2.0,1,10,389,3,1,564,4.144320797247599,8
6327,4,1.0,1,17,573,3,1,410,8.903225183661748,7
5936,4,1.0,1,16,83,3,1,2244,6.04,4
4740,4,1.0,1,22,258,3,1,865,6.11,9
8910,4,,0,8,1450,3,1,13116,30.662692776582322,2
5155,4,2.0,1,10,929,3,1,702,28.79450874925531,8
7840,4,1.0,1,35,1269,3,1,254,0.06897341912807867,4
5403,4,1.0,1,34,235,3,1,661,3.8000000000000003,7
4885,4,1.0,1,34,1478,3,1,312,2.32,7
3283,4,1.0,1,22,1085,3,1,746,3.94,9
1787,4,1.0,1,22,114,3,1,431,20.24358353510896,9
789,4,1.0,1,32,78,3,1,394,1.9580487804878046,7
7867,4,,0,20,1432,3,1,1982,3.5,5
8267,4,2.0,1,10,879,3,1,337,1.8241525788062605,3
5883,4,2.0,1,10,871,3,1,335,0.19543661163758685,8
5578,4,1.0,1,21,86,3,1,17263,61.98,4
1466,4,1.0,1,22,1078,3,1,734,14.599754170324843,9
194,4,2.0,1,26,1089,3,1,1723,19.346004812541317,3
8873,4,1.0,1,22,561,3,1,263,1.485476460539286,9
6215,4,2.0,1,10,929,3,1,388,7.198627187313828,8
1703,4,,0,20,1409,3,1,139689,212.41503183352273,5
4924,4,1.0,1,34,554,3,1,343,3.006884106672837,7
2150,4,1.0,1,32,823,3,1,1278,9.66,7
6882,4,2.0,1,10,1123,3,1,383,7.7082740972419685,8
4104,4,1.0,1,32,430,3,1,10324,23.419999999999998,7
3069,4,1.0,1,34,304,3,1,494,18.880000000000003,7
7518,4,1.0,1,35,184,3,1,444,2.68,4
4557,4,1.0,1,14,493,13,1,256,1.4733487488905672,4
238,4,2.0,1,26,1083,3,1,1633,8.760727856827405,3
5283,4,1.0,1,36,306,3,1,286,0.37529854371054805,7
5307,4,1.0,1,3,276,3,1,15248,9.595697599696292,5
6042,4,1.0,1,40,926,3,1,303,0.4290486309431002,4
884,4,1.0,1,22,561,3,1,609,26.777385638769964,9
8541,4,,0,20,1394,3,1,3467,5.743498400449389,5
1567,4,2.0,1,10,387,3,1,420,1.9558528428093647,8
7866,4,,0,34,50,3,1,366,0.6639604398848624,7
805,4,1.0,1,15,1231,3,1,451,3.16,4
43,4,1.0,1,21,1197,3,1,411,0.8879148421617342,7
8158,4,2.0,1,26,1081,3,1,1127,3.9103889713566864,3
3000,4,1.0,1,13,392,3,1,3258,1.3370447625029351,4
1592,4,2.0,1,26,1082,3,1,906,3.0314946302652697,3
3581,4,1.0,1,34,930,3,1,1333,77.47978763102167,7
5940,4,1.0,1,16,373,3,1,1228,8.597699447819984,4
1379,4,1.0,1,34,50,3,1,418,0.6639604398848624,7
4524,4,1.0,1,16,438,3,1,264,0.5039949056333333,4
809,4,1.0,1,15,43,3,1,978,12.584117647058823,4
7029,4,2.0,1,10,887,3,1,419,9.278430745644487,8
8082,4,,0,27,1345,3,1,870,1.77923094,2
1165,4,1.0,1,40,558,3,1,306,1.288750094422811,4
2004,4,1.0,1,13,431,3,1,10328,5.584828892872841,4
2673,4,1.0,1,15,1479,3,1,555,4.54,4
3925,4,2.0,1,10,880,3,1,480,17.270204416603793,8
6312,4,1.0,1,35,426,3,1,577,0.9295323284969692,4
666,4,1.0,1,27,323,3,1,396,8.04,4
6620,4,1.0,1,40,926,3,1,331,1.7161945237724008,4
3052,4,1.0,1,16,259,3,1,1021,14.651578364779878,7
169,4,2.0,1,26,27,3,1,490,9.456745160015458,3
2879,4,1.0,1,36,1175,3,1,1229,3.167004509957644,4
3127,4,1.0,1,32,2,3,1,287,0.06326041468518166,7
188,4,2.0,1,26,116,3,1,781,46.32,3
2174,4,1.0,1,21,1465,3,1,4290,137.5202360640832,7
8843,4,1.0,1,40,381,12,1,288,1.4968242423223732,4
6221,4,,0,20,1430,3,1,4469,17.941078291666667,5
371,4,1.0,1,22,830,12,1,309,9.972463768115944,9
4369,4,1.0,1,34,152,3,1,15279,192.94,7
5181,4,1.0,1,43,44,3,1,649,6.436571428571427,8
1066,4,1.0,1,32,324,3,1,795,36.24,7
6020,4,2.0,1,10,929,3,1,935,53.39039031119679,8
9116,4,,0,20,1360,3,1,2970,7.85425229770547,5
4684,4,1.0,1,29,426,3,1,1122,3.1604099168896953,4
5107,4,1.0,1,15,1231,3,1,478,3.1400000000000006,4
3927,4,2.0,1,10,877,3,1,660,35.2359397404564,8
585,4,2.0,1,38,1461,3,1,316,1.8805797903776449,6
3356,4,1.0,1,27,357,3,1,883,40.52,4
1872,4,,0,20,1398,3,1,2846,10.445153411628338,5
4367,4,1.0,1,34,255,3,1,385,0.9032025897764061,7
7144,4,1.0,1,32,50,3,1,1328,4.1,7
3293,4,2.0,1,26,116,3,1,636,39.70331683370831,3
7022,4,1.0,1,16,913,3,1,296,0.15063058830438553,4
7200,4,1.0,1,35,191,3,1,589,4.11747147465216,4
314,4,1.0,1,22,487,3,1,344,1.3634167016842365,9
1605,4,1.0,1,21,568,3,1,378,8.591497479956574,4
8195,4,1.0,1,8,926,3,1,371,11.726215773577504,4
5246,4,1.0,1,34,151,3,1,60306,783.52,7
2889,4,2.0,1,10,929,3,1,341,7.198627187313828,8
7129,4,1.0,1,40,578,3,1,283,0.46646393151993776,4
4348,4,2.0,1,10,818,12,1,262,4.078706199460916,9
1557,4,1.0,1,15,1243,3,1,662,16.67772687100155,4
736,4,2.0,1,38,1264,3,1,332,0.1434167896809952,6
4413,4,1.0,1,32,930,3,1,2315,140.95957526204333,7
1939,4,1.0,1,35,137,3,1,284,3.322522522522522,4
7147,4,1.0,1,32,723,3,1,442,4.618000586338317,7
6736,4,1.0,1,16,48,3,1,6240,10.8,4
416,4,1.0,1,35,552,3,1,344,0.7102421631310312,4
4679,4,2.0,1,25,1051,3,1,316,0.05919844303429352,6
7908,9,,0,37,1538,16,1,1179,129.14,6
8919,4,2.0,1,10,924,3,1,361,12.418798411122136,8
7211,4,1.0,1,26,1300,3,1,312,1.1358673112908946,7
8840,4,1.0,1,40,887,3,1,250,0.4639215372822243,4
8598,4,,0,34,50,3,1,272,0.11287327478042661,7
6206,4,2.0,1,25,1267,3,1,1264,3.8850250824932235,6
228,4,1.0,1,13,832,3,1,7298,4.246038413033555,4
689,4,2.0,1,10,924,3,1,495,29.800000000000004,8
4623,4,1.0,1,34,909,3,1,673,8.0,7
5098,4,1.0,1,15,237,3,1,2271,32.15719357435451,4
5259,4,1.0,1,24,25,3,1,424,3.0927714713483936,7
1902,4,2.0,1,10,926,3,1,272,2.145243154715501,8
5124,4,1.0,1,40,878,3,1,279,1.4469454857895434,4
2941,4,1.0,1,34,149,3,1,437,15.838827212204043,7
6298,4,1.0,1,32,123,3,1,1456,9.2,7
3800,4,1.0,1,35,28,3,1,257,0.5896549773913049,4
5900,4,1.0,1,19,935,3,1,976,11.26,7
1870,4,1.0,1,32,124,3,1,2483,18.18,7
1763,4,,0,20,1331,3,1,1334,4.08,5
975,4,1.0,1,24,682,3,1,277,3.88,7
7191,4,1.0,1,8,567,3,1,299,3.824308669118026,4
5051,4,1.0,1,8,930,3,1,618,22.3439362893065,4
4566,4,1.0,1,32,91,3,1,785,4.6,7
6067,4,2.0,1,26,1083,3,1,924,4.380363928413702,3
7053,4,1.0,1,8,463,12,1,259,6.585507246376811,4
1013,4,1.0,1,22,236,3,1,326,0.47798585217459993,9
7396,4,2.0,1,10,872,3,1,289,1.0660215801675177,8
342,4,1.0,1,40,931,3,1,286,0.9584354390522833,4
7004,4,1.0,1,21,952,3,1,305,0.6380979007027745,7
3442,4,1.0,1,22,83,3,1,743,1.5452694084931098,9
7696,4,1.0,1,17,931,3,1,334,4.792177195261417,7
6356,4,1.0,1,15,1157,3,1,2241,23.02,4
1808,4,1.0,1,34,426,3,1,1060,2.9001408649105436,7
7874,4,1.0,1,16,829,3,1,271,0.417427544207205,4
880,4,1.0,1,22,114,3,1,395,9.690879741727201,9
6707,4,2.0,1,26,597,3,1,903,12.54,3
679,4,2.0,1,26,549,3,1,287,0.6431305926016517,3
9096,4,1.0,1,22,1078,3,1,543,7.2,9
4720,4,1.0,1,22,829,3,1,422,2.3793370019810687,9
4401,4,1.0,1,34,929,3,1,1151,58.787644685824446,7
8924,4,,0,34,49,3,1,239,0.006084584385387943,7
1922,4,1.0,1,35,124,3,1,818,4.050415465389921,4
4101,4,,0,27,1394,3,1,3461,5.743498400449389,2
8185,4,2.0,1,4,930,3,1,6145,413.7702831630702,3
1001,4,1.0,1,40,930,3,1,304,0.14895957526204334,4
7062,4,1.0,1,45,1251,3,1,382,2.998623283013858,4
3601,4,2.0,1,26,1453,3,1,5328,4.191591788535211,3
8774,4,2.0,1,26,119,3,1,461,9.901850314563008,3
9020,4,1.0,1,40,874,3,1,256,1.0960186791998714,4
276,4,1.0,1,36,596,3,1,367,1.5662180335096998,7
7266,4,1.0,1,13,1492,3,1,21079,23.426536406367347,4
5165,4,1.0,1,16,1467,3,1,330,0.9314664458371275,4
7452,4,2.0,1,10,877,3,1,357,8.8089849351141,8
7470,4,1.0,1,16,443,3,1,417,0.3381662044037619,4
5122,4,1.0,1,21,199,12,1,260,0.5547995475914976,7
2682,4,2.0,1,2,1443,3,1,582,2.284292001069264,4
253,4,2.0,1,26,597,3,1,2175,36.54,3
7148,4,1.0,1,32,138,3,1,326,1.3260431654676261,7
6212,4,2.0,1,10,878,3,1,826,49.21704643092323,8
8739,4,2.0,1,26,89,3,1,314,0.9358744482684183,3
1501,4,1.0,1,29,124,3,1,2350,16.6,4
7547,4,1.0,1,40,886,3,1,373,3.7666715242439,4
1518,4,1.0,1,15,508,8,1,1922,6.195552093325831,4
1722,4,,0,20,1413,3,1,2000,5.970000000000001,5
480,4,2.0,1,10,990,3,1,374,1.885401793136631,8
6648,4,1.0,1,40,931,3,1,310,3.354524036682992,4
2671,4,1.0,1,32,1052,3,1,1298,7.5942796519018,7
9162,4,1.0,1,22,116,3,1,652,34.97331806095315,9
5054,4,1.0,1,8,877,3,1,299,4.40449246755705,4
3173,4,1.0,1,40,381,12,1,305,4.49047272696712,4
2415,4,1.0,1,22,617,3,1,301,1.0320690823937464,9
6110,4,,0,20,1398,3,1,3651,12.92687121550445,5
7193,4,1.0,1,8,929,3,1,886,42.191763123882964,4
2291,4,1.0,1,15,311,8,1,5680,41.63893872616503,4
3256,4,1.0,1,40,879,3,1,254,0.3648305157612521,4
1144,4,1.0,1,40,568,3,1,254,0.5154898487973945,4
8926,4,1.0,1,45,235,3,1,424,1.088277745224423,4
1223,4,1.0,1,40,430,3,1,1697,4.762262741116751,4
2454,4,1.0,1,22,1425,3,1,2117,5.047800088001138,9
7920,4,1.0,1,41,540,3,1,44238,89.49592487047187,4
1744,4,,0,8,1401,3,1,1089,3.0459392853143874,6
794,4,1.0,1,32,32,3,1,486,2.3574758653166943,7
7196,4,1.0,1,13,796,3,1,17822,6.176896470466376,4
4593,4,1.0,1,3,276,3,1,6319,3.8382790398785165,5
5343,4,1.0,1,21,705,3,1,7500,9.286467448480991,5
3136,4,1.0,1,40,877,3,1,319,0.176179698702282,4
1782,4,1.0,1,22,831,12,1,339,24.8,9
3532,4,1.0,1,15,426,3,1,8306,19.5,4
548,4,1.0,1,16,141,3,1,2107,4.16,4
8955,4,2.0,1,10,996,3,1,361,1.7445446926102484,3
4325,4,1.0,1,16,86,3,1,1282,4.096305732484077,4
604,4,1.0,1,40,568,3,1,320,1.7182994959913152,4
4185,4,2.0,1,10,924,3,1,341,14.585650446871886,8
9154,4,1.0,1,22,83,3,1,1372,3.354522340937126,9
5024,4,1.0,1,40,880,3,1,325,2.740530662490569,4
9005,4,2.0,1,10,929,3,1,596,21.595881561941482,3
6597,4,2.0,1,10,877,3,1,942,59.6628945457987,8
7927,4,1.0,1,32,723,3,1,833,9.82,7
4796,4,1.0,1,8,878,3,1,368,4.521704643092323,4
1144,4,1.0,1,40,568,3,1,254,0.5154898487973945,4
4059,4,1.0,1,35,632,3,1,20065,212.36890691986005,4
5029,4,1.0,1,15,389,3,1,721,7.039999999999999,16
8967,4,2.0,1,10,1123,3,1,507,30.059999999999995,8
5420,4,2.0,1,4,928,3,1,315,0.5363780915011034,3
5035,4,2.0,1,10,621,3,1,255,0.351576777716092,8
8009,4,2.0,1,26,390,3,1,471,1.8891677328536638,3
1089,4,1.0,1,21,115,3,1,259,0.9511617454157784,4
9083,4,1.0,1,22,561,3,1,448,16.602383970733197,9
4318,4,1.0,1,34,73,3,1,561,6.8,7
5547,4,,0,34,367,3,1,287,1.8332937685459934,7
4790,4,1.0,1,8,880,3,1,369,4.567551104150948,4
991,4,1.0,1,22,829,3,1,307,0.333942035365764,9
6907,4,1.0,1,13,364,3,1,14288,6.511250796280189,4
4645,4,2.0,1,10,48,3,1,4264,8.02,8
8146,4,1.0,1,43,426,3,1,520,0.9667136216368479,8
8696,4,1.0,1,15,462,3,1,773,0.9899119028978227,4
951,4,1.0,1,32,373,3,1,5301,40.3,7
5852,4,,0,20,1332,3,1,1474,14.799999999999999,5
4515,4,2.0,1,11,558,3,1,264,2.577500188845622,3
4841,4,1.0,1,35,394,3,1,1738,3.9624381704322453,4
2178,4,1.0,1,21,952,3,1,400,1.276195801405549,7
366,4,1.0,1,40,127,12,1,321,2.0576939831864633,4
7726,4,1.0,1,34,255,3,1,423,0.9297673718286533,7
5412,4,1.0,1,40,875,3,1,298,2.632271597220331,4
3930,4,1.0,1,32,208,3,1,606,5.8978600823045255,7
6085,4,2.0,1,26,113,3,1,1066,61.79870216782416,3
2646,4,1.0,1,27,357,3,1,805,37.92,4
6852,4,1.0,1,19,937,3,1,376,3.3685714285714288,7
4534,4,2.0,1,10,993,3,1,333,2.2892323823587595,8
8744,4,2.0,1,26,113,3,1,1228,83.87683536615275,3
4580,4,2.0,1,10,195,12,1,403,26.6,9
7549,4,2.0,1,10,871,3,1,302,3.908732232751737,8
7747,4,,0,34,149,3,1,306,2.8012071778140286,7
2791,4,1.0,1,32,78,3,1,315,0.8158536585365852,7
5193,4,1.0,1,27,113,3,1,1241,84.39066599164298,4
8550,4,1.0,1,21,1493,3,1,29671,24.906065597901883,7
8126,4,1.0,1,34,259,3,1,301,0.8874606289308178,7
4368,4,1.0,1,26,595,3,1,1931,33.819413541380534,7
3181,4,1.0,1,22,114,3,1,347,7.2697982243744965,9
7010,4,2.0,1,10,996,3,1,384,2.1806808657628105,8
7473,4,,0,34,916,3,1,249,0.10512516195012464,7
1275,4,1.0,1,34,887,3,1,331,4.639215372822243,7
4124,4,1.0,1,22,561,3,1,418,15.85476460539286,9
4850,4,1.0,1,35,124,3,1,937,5.5200000000000005,4
2265,4,1.0,1,34,191,3,1,360,0.7136950556063746,7
6013,4,2.0,1,10,878,3,1,355,9.043409286184646,8
4118,4,1.0,1,34,151,3,1,25275,326.3337241526327,7
3882,4,1.0,1,41,1511,3,1,1252,2.252960344819096,4
4789,4,1.0,1,8,886,3,1,520,16.936531067828096,4
1645,4,2.0,1,4,929,3,1,1118,55.58901749851062,3
235,4,2.0,1,26,1083,3,1,2274,14.141091785241107,3
5191,4,2.0,1,10,990,3,1,268,0.9427008965683155,8
2971,4,1.0,1,29,191,3,1,339,1.3724904915507203,4
2152,4,1.0,1,36,233,3,1,679,7.676666666666666,7
8470,4,1.0,1,32,1197,3,1,3293,24.637445264852026,7
9129,4,1.0,1,22,1406,3,1,5272,5.875703099512195,9
358,4,2.0,1,10,989,3,1,339,3.1464900873695343,8
1865,4,2.0,1,10,875,3,1,327,2.288931823669853,8
1537,4,1.0,1,26,390,3,1,526,2.518890310471552,7
6014,4,2.0,1,10,926,3,1,344,8.580972618862004,8
8411,4,1.0,1,26,596,3,1,565,5.5,7
493,4,,0,12,666,3,1,15301,6.685965344280644,6
5206,4,1.0,1,32,141,3,1,268,0.09173524559680361,7
2867,4,1.0,1,32,955,3,1,297,0.5932592684045039,7
7729,4,1.0,1,34,152,3,1,20260,250.48,7
5247,4,2.0,1,25,1051,3,1,294,0.100637353158299,6
2698,4,2.0,1,33,501,12,1,264,4.090918224626007,4
2613,4,,0,34,105,3,1,305,0.8192729619272964,7
1311,4,1.0,1,32,373,3,1,1243,8.845369802283935,7
7194,4,1.0,1,8,886,3,1,523,16.936531067828096,4
8140,4,2.0,1,10,41,12,1,349,11.8,9
3020,4,1.0,1,15,1244,3,1,919,30.419629262921905,4
6339,4,,0,8,1381,3,1,2700,7.077430258026667,6
488,4,2.0,1,10,883,3,1,398,11.387985243550595,8
7290,4,2.0,1,4,573,3,1,340,8.903225183661748,3
8839,4,1.0,1,40,931,3,1,355,3.354524036682992,4
7559,4,1.0,1,45,150,3,1,283,2.125789617516075,4
6271,4,1.0,1,35,829,3,1,334,0.83485508841441,4
6082,4,2.0,1,26,390,3,1,256,0.010495376293631465,3
1649,4,2.0,1,4,559,3,1,275,0.1940346534653466,3
7019,4,2.0,1,25,1051,3,1,254,0.05919844303429352,6
3904,4,1.0,1,15,312,8,1,2119,12.214928905517239,4
6246,4,1.0,1,22,561,3,1,323,5.24285809602101,9
8138,4,1.0,1,32,1052,3,1,392,0.44046821981030443,7
5968,4,,0,8,1403,3,1,1768,2.964109377868105,6
1775,4,1.0,1,43,334,8,1,697,3.042107920985247,8
5869,4,,0,20,1447,3,1,10307,7.44180329140428,5
1631,4,,0,34,394,3,1,268,0.0026416254469548302,7
7721,4,,0,34,245,3,1,313,0.3722748815165877,7
8098,4,1.0,1,40,873,3,1,332,2.786104565501727,4
3279,4,1.0,1,22,236,3,1,371,0.47798585217459993,9
3835,4,1.0,1,35,374,3,1,2278,16.06,4
8139,4,1.0,1,43,334,8,1,740,3.042107920985247,8
4032,4,1.0,1,32,1444,3,1,2302,21.94,7
8134,4,2.0,1,26,1453,3,1,5289,4.191591788535211,3
4298,4,1.0,1,16,149,3,1,439,8.327913231339004,4
3444,4,1.0,1,22,83,3,1,801,1.5452694084931098,9
4026,4,1.0,1,27,236,3,1,264,0.07966430869576666,4
1599,4,1.0,1,32,429,3,1,266,0.11566039132473044,7
2660,4,1.0,1,35,1461,3,1,2313,68.98525580272438,4
1227,4,1.0,1,36,377,3,1,481,1.7217796774820284,7
3141,4,1.0,1,40,931,3,1,338,0.38337417562091336,4
8651,4,,0,34,323,3,1,240,0.5651222104144527,7
1748,4,,0,8,1381,3,1,5075,15.154860516053335,6
2269,4,1.0,1,34,191,3,1,302,0.27449809831014405,7
8823,4,1.0,1,32,1251,3,1,344,0.9595594505644345,7
7288,4,2.0,1,4,547,3,1,287,2.6757352941176475,3
643,4,1.0,1,32,239,3,1,1167,5.139583333333333,7
4020,4,1.0,1,36,37,3,1,718,3.36,7
1056,4,1.0,1,16,1268,3,1,806,2.2432957903392077,4
8969,4,2.0,1,10,871,3,1,270,0.5863098349127606,3
289,4,1.0,1,22,255,3,1,3455,23.82,9
1835,4,1.0,1,34,84,3,1,776,3.8367073782834202,7
946,4,1.0,1,32,878,3,1,740,42.21704643092323,7
1397,4,1.0,1,15,255,3,1,1326,8.85492735074908,4
7588,4,,0,20,1363,3,1,2083,5.428487500035715,5
4318,4,1.0,1,34,73,3,1,561,6.8,7
884,4,1.0,1,22,561,3,1,609,26.777385638769964,9
7481,4,1.0,1,35,83,3,1,2775,7.02,4
4064,4,2.0,1,10,928,3,1,621,21.98763249290443,8
6655,4,,0,20,1363,3,1,1456,3.6189916666904764,5
2792,4,2.0,1,26,812,3,1,512,5.44,3
8447,4,,0,27,1397,3,1,2386,6.04514509459611,2
5988,4,,0,27,1397,3,1,1507,3.627087056757666,2
3040,4,1.0,1,36,139,3,1,302,1.616412325487481,7
169,4,2.0,1,26,27,3,1,490,9.456745160015458,3
2042,4,1.0,1,22,929,3,1,545,21.595881561941482,9
1575,4,1.0,1,36,49,3,1,3528,9.73533501662071,7
6718,4,2.0,1,10,929,3,1,746,35.99313593656914,8
7287,4,2.0,1,4,887,3,1,375,9.278430745644487,3
6084,4,2.0,1,26,113,3,1,348,8.406331937222797,3
4327,4,1.0,1,15,1244,3,1,897,28.419629262921905,4
7770,4,1.0,1,34,123,3,1,2235,15.48,7
810,4,1.0,1,15,141,3,1,4318,15.82,4
6831,4,2.0,1,10,879,3,1,383,9.120762894031301,8
4400,4,,0,34,367,3,1,292,3.6665875370919867,7
7660,4,2.0,1,10,880,3,1,310,2.740530662490569,8
4755,4,1.0,1,15,259,3,1,2749,42.84000000000001,4
7328,4,1.0,1,35,374,3,1,1309,9.02,4
80,4,2.0,1,2,911,3,1,1295,3.5,4
5342,4,1.0,1,15,1219,8,1,1690,8.027546512210181,16
3041,9,,0,37,1481,16,1,1291,26.6,6
4463,4,,0,8,1447,3,1,20304,13.88360658280856,6
5948,4,1.0,1,15,829,3,1,2262,36.88,4
3074,4,2.0,1,25,1444,3,1,335,0.11598896267361393,6
7865,4,1.0,1,34,100,3,1,386,0.465487313262203,7
1159,4,2.0,1,10,990,3,1,250,0.47135044828415773,8
1537,4,1.0,1,26,390,3,1,526,2.518890310471552,7
4278,4,1.0,1,16,141,3,1,3320,7.44,4
7959,4,1.0,1,13,391,3,1,38785,23.0260153256705,4
7678,4,,0,27,1335,3,1,1446,14.94,2
4322,4,1.0,1,16,40,3,1,2269,13.955505034101982,4
1688,4,1.0,1,40,878,3,1,327,0.7234727428947717,4
1304,4,2.0,1,10,871,3,1,297,1.9543661163758685,8
484,4,1.0,1,40,886,3,1,316,3.407940902887338,4
691,9,,0,37,1481,16,1,3188,87.94,6
6694,4,1.0,1,19,375,3,1,819,4.6,7
1359,4,1.0,1,34,104,3,1,447,2.866368694700355,7
7410,4,1.0,1,17,782,12,1,319,2.1,7
4382,4,1.0,1,16,945,3,1,381,11.19723604248819,4
305,4,1.0,1,26,596,3,1,2912,51.06,7
2543,4,1.0,1,16,443,3,1,375,0.16908310220188094,4
5125,4,1.0,1,40,926,3,1,278,0.10726215773577505,4
5419,4,2.0,1,10,877,3,1,493,17.032352581907663,8
460,4,2.0,1,26,812,3,1,590,7.58,3
4025,4,2.0,1,10,995,3,1,311,1.3848035411344202,8
8643,4,1.0,1,16,1197,3,1,294,0.2397370073836682,4
5939,4,1.0,1,34,50,3,1,1005,3.62,7
7317,4,2.0,1,26,27,3,1,618,14.04482184547914,3
3054,4,2.0,1,25,1197,3,1,1286,8.87914842161734,6
